1408c,0549b,0,1,1,0,0,2,0,2,1,0,1,0,2,2,3,3,4,2,0
1343a,1520c,2,0,1,0,2,1,0,0,2,2,1,1,3,1,2,0,1,2,0
1352b,1149a,2,1,1,3,2,2,2,1,2,1,1,1,0,2,3,1,1,2,0
1329b,0556a,1,1,1,3,2,2,3,0,2,2,1,1,1,0,2,0,4,1,0
1039c,1240b,2,4,1,0,2,2,3,1,2,1,1,1,1,0,1,0,3,2,0
0520a,0358b,2,4,1,0,2,1,3,3,2,0,2,1,0,1,2,1,2,2,0
0445c,0888c,2,4,1,3,0,2,0,4,2,0,1,1,0,0,2,1,1,1,0
0938b,1350c,2,1,0,2,2,1,1,2,2,1,4,1,3,0,1,2,1,1,0
1475a,0380a,1,1,0,0,2,2,1,2,2,1,4,1,3,2,2,3,1,2,0
1490b,1221a,1,0,1,3,2,1,0,2,2,3,4,1,0,2,2,2,1,2,0
1368b,0537b,3,1,1,1,2,2,3,4,2,2,1,0,3,0,2,1,4,2,0
1468a,1465b,1,1,1,2,2,2,0,0,2,0,1,1,1,2,1,1,2,2,0
1451a,1421b,1,4,1,3,2,2,0,4,2,3,1,1,3,2,2,2,2,1,0
0322b,0547c,1,1,1,3,1,2,0,1,2,1,2,1,3,2,1,2,1,1,0
0522b,0488c,2,1,0,2,2,2,0,4,2,1,4,0,1,2,2,0,4,2,0
0456a,1377a,2,1,0,2,2,2,0,3,2,2,2,1,3,0,3,0,2,2,0
1178a,0355a,3,4,1,3,0,2,0,3,2,3,2,1,3,2,3,0,3,2,0
0334a,0440b,2,0,1,0,2,3,0,0,2,2,1,1,2,0,2,1,0,1,0
0571b,0381a,0,1,1,0,2,2,0,0,2,1,0,1,3,2,2,0,3,2,0
1335b,0489b,2,2,1,0,2,2,3,2,2,1,0,1,0,2,3,3,4,2,0
1413a,0337b,2,1,1,1,2,3,0,1,2,3,4,1,3,2,2,3,4,2,0
1497c,1197a,2,0,1,3,2,2,3,4,2,1,4,1,3,0,2,1,0,2,0
1245c,0330a,1,0,1,3,2,2,1,4,2,1,0,1,1,2,2,2,1,1,0
1303c,0927c,3,4,1,0,2,2,0,4,2,2,1,0,2,2,1,0,1,2,0
0564c,0401b,0,1,1,1,1,1,0,3,2,2,0,2,3,2,3,3,2,2,0
0544b,0355a,2,1,1,3,2,3,0,0,2,3,2,1,3,2,3,0,3,2,0
0521a,0924a,2,1,1,1,2,1,3,0,2,2,2,1,3,1,2,1,2,2,0
0331a,1198b,3,1,0,0,2,2,3,2,2,1,0,1,3,2,0,2,2,1,0
1409b,0327b,1,1,1,3,2,3,3,1,2,0,1,1,1,1,2,0,3,2,0
0363b,1308c,1,1,1,1,2,1,0,1,1,0,1,2,4,2,2,0,3,2,0
1383b,0358b,3,2,1,3,0,2,1,2,1,0,2,1,0,1,2,1,2,2,0
0521b,1198b,1,1,1,0,1,1,0,0,2,1,0,1,3,2,0,2,2,1,0
1365c,0365b,2,2,1,1,2,2,1,2,2,2,1,1,3,0,2,0,2,1,0
1419b,0354c,1,1,0,1,0,1,1,0,1,1,0,0,1,0,1,3,2,2,0
1497a,0333a,0,4,1,0,2,2,1,3,2,2,1,1,3,2,1,2,0,1,0
0503a,1231b,2,1,1,0,2,3,0,2,2,0,0,1,0,2,2,0,1,2,0
0587a,1422a,1,1,1,2,2,2,2,0,2,3,4,0,3,0,2,1,3,2,0
1152b,1482a,2,1,1,1,2,3,0,3,2,2,4,1,3,2,2,3,1,2,0
1144c,0404c,1,1,1,2,2,1,0,0,2,0,2,1,3,2,2,0,4,2,0
1496a,0892c,2,4,1,1,2,1,0,4,2,3,2,0,2,2,2,1,0,2,0
0560a,0927c,2,4,1,0,0,2,0,3,2,2,1,0,2,2,1,0,1,2,0
1229b,0350b,1,1,1,3,2,2,0,2,2,2,1,1,3,2,1,1,4,2,0
1335a,1493b,2,1,1,0,2,3,0,1,2,2,4,1,0,2,2,3,3,2,0
1432c,1409b,2,2,1,0,2,2,0,2,2,1,1,1,3,2,3,3,1,2,0
0570c,1360a,3,4,1,1,2,2,0,1,2,3,1,0,2,2,2,0,2,2,0
1255c,0445a,2,1,1,0,1,2,0,2,2,2,2,1,0,0,2,0,3,2,0
1442b,0449c,2,2,1,3,2,2,1,4,2,1,0,1,3,2,3,0,0,2,0
1204a,1476c,0,0,1,0,2,2,1,0,2,1,2,1,3,0,2,1,1,1,0
0579c,1171b,2,1,1,0,2,2,1,0,1,2,4,1,3,2,1,1,3,2,0
1378a,0507a,3,4,1,3,2,3,0,0,2,1,1,1,3,0,2,1,2,1,0
1521c,1226c,0,1,1,2,2,2,1,0,2,2,0,0,0,0,2,0,0,2,0
1123c,0587c,3,4,1,3,2,2,1,4,2,1,4,0,3,2,3,1,3,2,0
1274a,1262a,1,1,1,1,2,2,0,3,2,2,4,1,3,2,3,0,4,2,0
1394b,1532a,3,1,0,1,2,1,1,3,2,0,2,1,0,2,1,1,1,1,0
0335a,1135b,1,1,1,2,2,2,1,0,2,3,1,1,0,2,3,1,1,2,0
0338a,0348a,2,4,1,0,2,3,0,1,2,3,0,1,0,2,1,0,4,2,0
0357c,0585b,0,2,1,1,0,2,0,1,1,3,1,2,3,2,3,1,4,2,0
1231a,0594a,1,2,1,0,2,2,1,0,2,3,2,1,0,2,2,1,4,2,0
1402b,0489a,1,2,1,3,0,2,1,3,2,1,4,2,0,2,3,1,2,2,0
0473a,0547a,1,2,1,0,0,2,1,1,2,2,2,0,1,2,2,0,1,2,0
1329a,0518a,1,1,1,3,2,1,1,3,2,2,1,1,0,0,2,2,1,1,0
1221a,0585b,3,4,1,0,2,2,2,1,2,3,1,2,3,2,3,1,4,2,0
0328b,0597a,0,2,1,1,2,3,0,3,2,3,4,2,0,2,3,3,1,1,0
0405c,1198b,1,0,1,1,2,2,1,2,1,1,0,1,3,2,0,2,2,1,0
1460a,0546c,2,1,1,1,0,2,0,0,2,2,0,1,3,2,1,3,1,2,0
1329b,1361b,1,1,1,3,2,2,3,0,2,1,0,1,3,2,2,0,4,2,0
1320a,1180b,1,1,1,3,2,1,0,3,2,1,1,1,0,2,2,1,1,1,0
1303a,1483c,3,4,1,0,0,2,0,4,2,1,1,1,1,0,1,0,1,1,0
0577a,0560c,2,1,1,0,2,2,0,1,2,1,1,1,0,2,1,1,0,2,0
1286a,1091a,1,2,1,3,2,1,1,3,2,3,1,2,4,2,2,3,4,2,0
0457a,0376c,2,3,1,3,2,2,0,1,2,2,1,0,0,3,2,2,3,2,0
0587b,0330a,0,1,1,0,2,1,1,0,1,1,0,1,1,2,2,2,1,1,0
0337a,1221c,2,1,1,3,2,2,3,2,1,2,1,1,0,2,0,0,3,2,0
1171b,0540a,2,4,1,3,2,1,1,3,2,3,3,1,1,2,3,0,3,2,0
1409a,0405b,3,4,1,3,0,2,0,4,2,1,0,1,4,0,2,0,1,2,0
1406c,1057b,1,0,1,4,0,2,3,2,2,1,0,0,2,0,2,1,0,1,0
1431c,1114a,3,1,1,3,2,3,1,4,2,2,1,1,3,0,2,2,0,1,0
1402b,0355b,1,2,1,3,0,2,1,3,2,1,4,1,0,0,2,1,1,1,0
1153b,1465b,0,4,1,3,2,2,1,2,2,0,1,1,1,2,1,1,2,2,0
0403c,1394b,1,0,0,0,2,2,0,3,2,3,1,0,1,2,1,1,3,2,0
0431c,0396b,2,0,1,0,2,2,2,3,2,2,1,0,1,2,2,1,3,2,0
0473b,0311a,1,4,1,1,0,3,0,3,2,1,2,1,1,2,1,3,3,2,0
1180b,0351a,1,1,1,0,2,2,1,1,1,1,2,0,0,2,2,0,3,2,0
0334c,1353b,1,4,1,3,0,2,0,0,2,2,1,0,2,2,1,0,2,2,0
1252a,0458b,3,1,1,3,2,3,0,3,2,3,2,1,3,2,2,1,3,2,0
0510c,0355a,3,1,1,1,2,1,1,0,2,3,2,1,3,2,3,0,3,2,0
1152c,0463b,0,0,1,1,2,1,1,1,1,0,0,0,3,2,3,0,3,2,0
0349b,0489a,0,1,1,3,2,2,3,1,2,1,4,2,0,2,3,1,2,2,0
1267c,0350c,1,0,1,0,2,2,0,1,1,2,0,1,0,1,1,0,2,2,0
1377c,1204b,2,1,0,2,2,3,0,3,2,2,1,1,3,1,3,0,4,2,0
0335a,1237a,1,1,1,2,2,2,1,0,2,2,1,0,1,2,2,0,1,2,0
0491b,0363a,2,1,1,0,2,1,1,0,2,0,0,1,1,2,2,1,1,2,0
1257b,0550b,3,4,1,0,2,2,0,3,2,3,0,1,0,2,2,0,4,2,0
0334b,1394c,2,0,1,0,2,2,3,1,2,3,2,1,0,2,2,3,2,1,0
1352b,0365b,2,1,1,3,2,2,2,1,2,2,1,1,3,0,2,0,2,1,0
1335b,0375c,2,2,1,0,2,2,3,2,2,2,4,1,4,2,2,2,1,1,0
1296c,1383b,1,1,1,3,0,2,1,0,2,3,2,1,3,0,2,1,2,1,0
1382a,1451b,2,0,1,0,2,2,1,3,2,3,1,1,3,2,3,3,3,2,0
1108b,0315a,2,2,0,2,2,1,0,0,2,2,4,0,2,2,3,0,3,2,0
1432b,1152c,3,1,1,0,1,2,1,4,2,0,0,1,1,2,1,1,1,1,0
1562b,0351b,1,2,1,0,0,2,0,2,2,1,1,1,1,3,2,1,3,2,0
1289a,0896c,2,1,1,0,2,3,0,3,2,1,1,1,0,2,3,1,4,2,0
0539a,1451b,2,4,1,3,2,2,1,2,2,3,1,1,3,2,3,3,3,2,0
1267b,1538a,2,2,1,2,2,2,0,1,2,1,1,1,3,2,3,1,2,1,0
1447a,1441b,2,1,1,3,2,1,1,0,2,2,0,1,0,0,2,0,2,2,0
0412b,1465c,3,4,1,3,2,2,3,0,2,1,2,0,2,2,2,0,2,2,0
1430b,1368c,1,1,1,1,1,2,0,3,2,2,1,1,3,0,1,2,0,1,0
1497c,1501c,2,0,1,3,2,2,3,4,2,0,1,1,0,0,2,1,2,1,0
0333a,0457c,2,1,1,3,2,1,2,0,1,0,2,1,0,0,2,0,3,2,0
1227b,0336c,3,1,1,3,2,1,0,4,2,3,2,1,2,2,2,0,1,1,0
1368b,0347a,3,1,1,1,2,2,3,4,2,2,4,1,3,0,3,1,4,1,0
0553b,1444b,2,1,1,0,0,2,1,1,1,1,0,1,1,2,2,0,0,1,0
1482a,1164b,2,4,1,3,2,2,3,1,2,2,1,1,2,1,2,1,1,2,0
1489c,1413b,2,4,1,0,2,2,1,1,2,0,1,1,0,2,1,0,2,2,0
1485b,0535c,0,1,1,3,2,1,1,2,1,1,2,1,3,2,1,3,3,2,0
1454b,1370c,2,1,1,3,2,2,1,0,2,3,1,1,1,2,2,1,1,2,0
1528c,0491a,0,1,1,3,2,2,0,0,2,2,1,1,1,2,1,0,2,1,0
1328a,0301c,3,1,1,2,2,3,0,0,2,3,1,1,4,0,2,0,1,2,0
0365a,0380a,0,2,1,0,2,2,0,1,2,1,4,1,3,2,2,3,1,2,0
1443c,1511c,0,1,1,1,2,1,1,2,1,1,1,0,1,0,3,1,0,1,0
0496c,0587b,3,4,1,3,2,2,0,1,2,0,1,1,0,2,1,1,0,1,0
1472c,1468b,2,0,1,3,2,2,1,1,2,3,1,1,2,2,2,1,3,2,0
1224c,1098a,1,0,1,1,2,1,1,2,2,0,1,0,1,0,1,1,1,1,0
1362a,0321a,3,1,1,3,2,2,0,0,2,2,1,1,3,2,1,1,2,1,0
0334a,0969a,2,0,1,0,2,3,0,0,2,2,2,1,1,2,2,1,2,1,0
0491a,1220b,2,1,1,1,2,1,0,2,1,0,1,1,1,2,3,1,2,1,0
1458a,0560a,0,1,1,3,2,2,1,1,2,2,4,1,0,0,2,0,3,2,0
0537b,0439a,2,1,0,3,0,2,1,4,2,3,1,2,4,2,2,3,2,2,0
1562b,0587a,1,2,1,0,0,2,0,2,2,1,1,1,2,2,2,2,0,2,0
1152b,0324b,2,1,1,1,2,3,0,3,2,0,1,1,3,0,2,1,1,1,0
0306a,1442c,3,1,1,2,2,2,0,1,2,1,1,1,0,0,2,0,2,1,0
0411b,0916a,1,2,1,1,2,2,0,1,2,1,1,1,0,0,2,2,1,1,0
0328b,1323c,0,2,1,1,2,3,0,3,2,1,0,1,1,2,2,3,0,1,0
1367a,1394c,2,0,1,1,2,2,3,2,2,3,2,1,0,2,2,3,2,1,0
1546a,0469b,1,1,0,3,2,1,1,2,1,3,2,1,2,0,2,1,1,1,0
1243a,1221c,1,0,1,3,2,2,1,3,2,2,1,1,0,2,0,0,3,2,0
1493a,0888c,2,1,1,0,1,2,0,3,2,0,1,1,0,0,2,1,1,1,0
1236a,1328c,3,0,1,3,2,2,0,3,2,1,1,1,3,2,2,2,1,1,0
1180a,0577c,2,1,1,2,2,2,1,1,2,1,1,1,1,2,3,0,0,2,0
1360b,1495c,2,0,1,0,2,2,0,2,2,1,1,1,0,0,2,1,2,1,0
1237c,0312b,2,1,0,2,2,2,0,1,2,1,1,0,1,2,2,2,4,2,0
1230b,1353b,1,1,0,3,2,2,1,3,2,2,1,0,2,2,1,0,2,2,0
1433a,0570c,2,2,1,0,2,2,1,0,2,3,4,1,1,2,2,0,1,2,0
0411a,1124c,3,1,1,0,2,1,1,4,2,3,1,1,0,2,0,1,2,2,0
1465a,0518c,3,4,1,0,2,2,3,2,2,3,4,1,1,2,3,0,4,2,0
1201a,0318b,0,1,1,0,2,2,2,3,2,1,2,1,0,0,2,0,0,2,0
1352a,0313b,2,2,1,1,2,2,1,4,2,2,1,0,2,2,2,0,0,2,0
1193a,1176a,1,4,1,3,2,3,1,1,2,2,0,2,4,2,2,1,3,2,0
1562b,0340b,1,2,1,0,0,2,0,2,2,1,4,1,1,2,1,0,3,2,0
1471b,1336a,1,0,1,0,2,2,0,4,2,0,1,1,2,2,2,0,0,2,0
0345a,0348a,0,1,1,0,0,2,0,2,2,3,0,1,0,2,1,0,4,2,0
0441b,1443b,2,2,1,0,0,2,3,2,2,2,1,1,2,0,2,2,0,1,0
1107c,0336c,0,2,1,3,2,2,1,0,2,3,2,1,2,2,2,0,1,1,0
0353a,0571c,2,1,1,3,1,2,0,2,2,1,0,1,1,0,1,0,1,1,0
0315a,0455c,2,4,0,2,2,3,0,3,2,3,1,1,3,3,1,3,1,2,0
1426a,0401b,2,0,1,1,2,2,1,2,1,2,0,2,3,2,3,3,2,2,0
0950a,0317b,2,1,1,3,0,2,2,2,1,0,4,0,0,0,2,2,3,2,0
0424a,1268a,1,2,1,3,2,2,0,1,2,2,1,1,0,0,2,0,4,2,0
1408c,0576b,0,1,1,0,0,2,0,2,1,1,1,1,3,0,2,3,0,2,0
1221c,0316a,2,1,1,0,2,0,0,3,2,2,1,2,3,2,3,1,2,2,0
0451a,1204a,2,1,1,0,2,1,0,0,2,0,0,1,0,2,2,1,0,2,0
1364b,0569c,3,1,1,3,2,2,1,1,2,1,1,1,0,2,2,3,3,2,0
0353b,0474c,2,1,1,1,2,1,1,2,1,3,4,1,0,2,2,3,1,2,0
0413a,1282c,1,1,1,1,2,3,0,1,1,1,1,2,3,2,2,1,2,2,0
1231a,0562c,1,2,1,0,2,2,1,0,2,3,0,1,3,2,1,0,2,2,0
0532b,0515a,2,1,1,3,0,2,0,1,1,1,1,1,3,2,2,2,2,1,0
1086b,1501c,0,1,1,1,2,2,1,0,1,0,1,1,0,0,2,1,2,1,0
0402b,1178a,3,4,1,3,2,2,1,2,2,3,4,1,3,0,2,0,3,2,0
1370a,1236b,2,1,1,3,0,2,0,1,2,3,4,1,0,2,2,1,0,2,0
1534a,1493a,2,1,1,1,2,3,1,3,2,2,1,1,0,1,2,0,3,2,0
1224c,1323c,1,0,1,1,2,1,1,2,2,1,0,1,1,2,2,3,0,1,0
0338c,1204b,0,1,1,3,2,2,1,2,1,2,1,1,3,1,3,0,4,2,0
1134b,1221a,3,4,1,1,2,2,0,2,2,3,4,1,0,2,2,2,1,2,0
1465a,0457b,3,4,1,0,2,2,3,2,2,1,4,0,1,0,2,0,1,1,0
0575c,0553b,2,1,1,1,2,3,0,0,2,2,1,1,0,0,2,1,1,1,0
1257a,1237c,2,1,1,2,2,1,0,3,2,2,1,0,2,2,2,0,1,2,0
1099c,1312a,2,4,0,2,2,2,0,3,2,1,2,0,2,0,2,1,2,1,0
1171b,0343c,2,4,1,3,2,1,1,3,2,1,0,0,2,2,3,1,3,2,0
0496e,0314c,2,1,0,1,2,3,0,2,2,1,1,1,3,2,0,0,0,2,0
1425c,0525b,1,4,1,1,2,1,0,1,2,2,3,0,0,2,2,0,3,2,0
1408c,1549c,0,1,1,0,0,2,0,2,1,0,2,1,3,2,2,1,4,2,0
1229c,0518a,2,1,0,0,2,2,1,2,2,2,1,1,0,0,2,2,1,1,0
0355c,0538a,1,1,1,1,2,1,0,1,2,2,1,0,3,2,2,1,4,2,0
1382b,1119a,2,1,1,0,0,2,0,0,2,1,1,1,0,0,2,0,1,2,0
0334b,0314c,2,0,1,0,2,2,3,1,2,1,1,1,3,2,0,0,0,2,0
1360b,1517c,2,0,1,0,2,2,0,2,2,3,0,1,0,2,2,1,4,2,0
0577a,0377a,2,1,1,0,2,2,0,1,2,1,4,1,1,2,2,0,1,2,0
1180b,1416c,1,1,1,0,2,2,1,1,1,1,4,1,3,2,3,1,4,2,0
1485b,0354a,0,1,1,3,2,1,1,2,1,2,1,1,4,2,1,0,4,2,0
0564a,0516a,2,1,1,0,2,3,3,2,1,2,0,1,0,0,3,0,3,2,0
1370a,1547b,2,1,1,3,0,2,0,1,2,2,0,1,1,2,1,0,2,2,0
1090c,0927b,0,0,1,3,2,2,0,1,2,1,4,1,1,2,3,1,1,2,0
0521a,1353b,2,1,1,1,2,1,3,0,2,2,1,0,2,2,1,0,2,2,0
0546c,1155b,2,0,1,3,2,1,3,1,2,1,1,1,3,0,1,1,2,1,0
1471b,0577c,1,0,1,0,2,2,0,4,2,1,1,1,1,2,3,0,0,2,0
1129c,1538a,1,2,1,3,2,2,0,2,2,1,1,1,3,2,3,1,2,1,0
1129c,1547b,1,2,1,3,2,2,0,2,2,2,0,1,1,2,1,0,2,2,0
1567c,0390c,2,4,1,4,2,2,0,2,2,2,0,1,0,1,2,1,3,2,0
0550c,1129b,2,0,1,1,2,2,0,4,2,3,1,1,0,2,2,1,4,1,0
0570a,0330a,2,1,0,3,0,2,1,3,2,1,0,1,1,2,2,2,1,1,0
1153b,0354a,0,4,1,3,2,2,1,2,2,2,1,1,4,2,1,0,4,2,0
1533c,0440b,1,2,1,3,2,1,0,1,1,2,1,1,2,0,2,1,0,1,0
0587b,1273c,0,1,1,0,2,1,1,0,1,1,1,1,3,1,1,3,1,2,0
0386a,0463b,1,2,1,0,0,2,3,0,2,0,0,0,3,2,3,0,3,2,0
0301b,1377c,1,1,1,2,2,3,0,0,2,2,1,0,2,2,3,0,3,2,0
0583c,0547c,3,1,0,2,2,2,2,3,2,1,2,1,3,2,1,2,1,1,0
0538a,0451c,2,1,0,3,2,2,1,4,2,1,0,1,1,2,2,0,2,1,0
0885c,1408b,2,1,1,0,1,3,0,0,2,1,1,0,1,0,3,0,2,1,0
1329c,0888c,0,1,1,0,2,2,3,0,2,0,1,1,0,0,2,1,1,1,0
0311a,1511c,1,2,1,1,2,1,3,3,2,1,1,0,1,0,3,1,0,1,0
0587a,1440b,1,1,1,2,2,2,2,0,2,0,4,0,2,0,2,0,4,1,0
1547a,0521a,2,4,1,1,2,1,0,2,2,2,1,1,1,2,1,3,0,2,0
0491c,1231c,2,2,1,0,2,2,0,4,2,1,4,1,3,2,2,1,3,2,0
1482a,1561b,2,4,1,3,2,2,3,1,2,0,0,1,0,2,2,2,1,1,0
0315b,0469c,2,1,0,2,2,1,1,3,2,2,0,1,1,0,2,3,0,1,0
0319b,1475c,1,1,1,1,2,3,0,2,1,3,1,1,3,0,1,3,4,2,0
0363c,0507c,1,1,1,0,2,2,3,0,2,3,4,1,1,2,1,0,1,2,0
0313b,1057b,2,1,0,2,2,2,0,0,2,1,0,0,2,0,2,1,0,1,0
1517c,0514c,3,0,1,0,2,2,1,4,2,3,1,0,2,2,2,0,1,2,0
0544c,1377b,1,4,1,3,2,2,2,0,1,0,1,1,0,1,2,1,0,2,0
1344a,1371c,1,1,1,0,2,3,0,3,2,2,1,1,0,2,3,2,3,2,0
1365c,0318b,2,2,1,1,2,2,1,2,2,1,2,1,0,0,2,0,0,2,0
0411b,0532c,1,2,1,1,2,2,0,1,2,2,2,1,3,2,3,0,2,2,0
1257b,0338a,3,4,1,0,2,2,0,3,2,2,4,1,0,2,3,0,1,2,0
0302c,0892c,3,1,0,2,2,3,0,3,2,3,2,0,2,2,2,1,0,2,0
0461a,1167a,3,1,1,3,0,2,0,0,2,0,2,1,0,2,2,0,4,2,0
1336a,1402b,0,1,1,2,2,2,0,0,2,1,2,1,3,0,2,1,3,2,0
1210a,1108b,0,1,1,0,0,2,2,2,1,2,2,0,2,2,1,0,0,2,0
0575c,1197a,2,1,1,1,2,3,0,0,2,1,4,1,3,0,2,1,0,2,0
1416b,1513a,2,0,1,0,2,2,1,2,2,2,0,1,3,2,3,0,3,2,0
0445c,0385a,2,4,1,3,0,2,0,4,2,0,0,1,2,2,3,3,0,2,0
1229b,1455a,1,1,1,3,2,2,0,2,2,3,1,1,0,2,2,1,2,2,0
0552a,1375a,2,1,1,0,2,2,1,2,1,1,0,1,1,2,2,0,3,2,0
0421c,0471c,1,0,1,1,2,2,1,1,1,0,0,1,3,2,1,1,2,1,0
1544a,0463b,3,4,1,0,2,2,3,4,2,0,0,0,3,2,3,0,3,2,0
0349a,1196c,3,1,1,1,2,1,0,1,2,1,1,1,1,2,3,3,3,2,0
0562a,1178c,0,1,1,3,2,2,1,4,2,2,4,1,3,0,2,1,0,2,0
0307c,0313b,1,1,1,1,2,2,2,3,2,2,1,0,2,2,2,0,0,2,0
1365a,1181c,3,4,1,3,2,1,0,3,2,2,2,1,0,0,3,0,4,2,0
1230b,1259a,1,1,0,3,2,2,1,3,2,1,4,0,0,2,3,1,3,2,0
1475c,0368c,3,1,1,3,0,1,3,4,2,3,1,0,2,2,3,2,2,2,0
1222c,1365b,0,1,1,0,2,2,1,2,1,0,4,1,3,2,2,1,0,2,0
1484b,1567b,1,1,1,0,2,1,1,2,1,3,1,0,2,2,2,0,0,2,0
1551a,1555b,0,1,1,0,2,2,3,3,2,2,2,1,1,2,3,0,3,2,0
1366a,1240b,3,1,1,0,2,1,1,1,2,1,1,1,1,0,1,0,3,2,0
1155b,0535c,1,1,1,3,0,1,1,2,1,1,2,1,3,2,1,3,3,2,0
0304a,0471c,2,1,1,1,2,0,1,2,2,0,0,1,3,2,1,1,2,1,0
0562a,0555c,0,1,1,3,2,2,1,4,2,3,0,1,1,2,2,0,4,2,0
1234a,1353b,3,4,1,3,2,2,0,3,2,2,1,0,2,2,1,0,2,2,0
1294a,0587b,1,0,1,0,2,1,0,0,1,0,1,1,0,2,1,1,0,1,0
0491a,1036b,2,1,1,1,2,1,0,2,1,2,2,0,2,2,2,0,0,2,0
0531a,0316a,2,2,1,1,2,2,0,3,2,2,1,2,3,2,3,1,2,2,0
1475a,0516a,1,1,0,0,2,2,1,2,2,2,0,1,0,0,3,0,3,2,0
1087a,0525a,1,2,1,1,2,1,0,2,1,1,2,1,3,2,1,1,1,1,0
1486b,0585b,2,0,1,0,2,3,1,4,2,3,1,2,3,2,3,1,4,2,0
1143c,0546b,1,1,1,0,1,2,3,1,2,3,1,1,3,1,3,0,1,2,0
1475b,1367b,3,1,0,3,2,2,0,3,2,1,1,0,1,2,1,0,3,2,0
1545a,1344c,0,1,1,0,2,2,1,2,2,3,1,1,3,2,2,1,4,2,0
0381b,1429c,3,1,1,0,2,3,0,4,2,0,0,1,3,2,2,0,0,2,0
1362a,0577c,3,1,1,3,2,2,0,0,2,1,1,1,1,2,3,0,0,2,0
0472a,1197a,3,1,1,3,2,3,0,0,2,1,4,1,3,0,2,1,0,2,0
0366a,1153c,2,4,1,3,2,2,0,3,2,2,1,1,0,1,2,0,1,2,0
0536b,1508b,1,0,1,2,2,2,0,3,2,1,1,1,0,2,1,1,0,1,0
1314a,0363b,1,1,1,1,2,1,0,4,2,1,1,1,1,2,1,0,1,1,0
0950a,0540c,2,1,1,3,0,2,2,2,1,2,1,0,4,0,2,0,3,2,0
1497a,1140b,0,4,1,0,2,2,1,3,2,0,0,1,3,0,1,1,2,1,0
0472c,0396b,2,1,1,1,2,2,3,2,2,2,1,0,1,2,2,1,3,2,0
0491c,1294a,2,2,1,0,2,2,0,4,2,1,0,1,0,2,1,0,0,1,0
1129c,1465a,1,2,1,3,2,2,0,2,2,3,4,1,0,2,2,3,2,2,0
0457c,1461a,0,2,1,0,0,2,0,3,2,1,0,1,1,2,0,0,1,2,0
1262a,1221c,2,4,1,3,2,3,0,4,2,2,1,1,0,2,0,0,3,2,0
0380a,1334c,1,4,1,3,2,2,3,1,2,3,4,1,3,2,3,1,2,2,0
1391b,0517b,3,4,1,0,2,2,1,4,2,3,0,1,3,0,1,0,3,2,0
1210a,0375b,0,1,1,0,0,2,2,2,1,1,3,0,1,0,2,0,2,1,0
1217b,1155a,1,1,1,1,0,2,1,2,1,1,1,0,2,2,1,1,0,2,0
0396c,1391b,3,1,1,0,2,2,3,2,2,3,4,1,0,2,2,1,4,2,0
1413a,1484b,2,1,1,1,2,3,0,1,2,1,1,1,0,2,1,1,2,1,0
1236a,1507b,3,0,1,3,2,2,0,3,2,1,0,1,1,2,2,3,0,2,0
1543b,0522b,2,1,1,2,2,2,1,0,2,2,1,0,2,2,2,0,4,2,0
0363c,1208c,1,1,1,0,2,2,3,0,2,0,1,1,0,2,1,3,2,2,0
0304a,0350a,2,1,1,1,2,0,1,2,2,3,2,1,0,1,2,1,3,2,0
1257b,1531b,3,4,1,0,2,2,0,3,2,2,1,1,3,2,1,1,3,2,0
0440c,0563c,3,4,1,0,2,1,0,4,2,1,4,1,1,0,3,0,2,2,0
1497a,0888c,0,4,1,0,2,2,1,3,2,0,1,1,0,0,2,1,1,1,0
1180b,0537a,1,1,1,0,2,2,1,1,1,3,1,1,3,2,2,2,1,2,0
1426b,1245c,2,1,1,0,2,1,0,4,2,1,0,1,3,2,2,1,4,2,0
1454a,1421b,2,4,1,3,2,2,1,1,2,3,1,1,3,2,2,2,2,1,0
1391c,1329c,2,1,1,0,2,2,1,1,2,0,1,1,0,2,2,3,0,2,0
0587a,1191b,1,1,1,2,2,2,2,0,2,3,4,0,1,2,1,0,3,2,0
1518a,1335c,2,2,1,3,2,2,0,1,2,2,1,1,3,2,2,2,1,1,0
0419a,0435b,0,1,1,1,2,2,0,1,2,2,1,0,2,2,2,1,0,2,0
1236b,0521b,3,4,1,0,2,2,1,0,2,1,1,1,0,1,1,0,0,2,0
1411a,1294c,2,0,1,1,2,2,1,1,2,3,0,1,3,2,3,1,0,2,0
0551c,0924b,3,2,1,0,0,2,0,2,2,1,0,1,3,0,2,1,0,1,0
1532a,0431a,0,2,1,0,2,1,1,1,1,3,2,1,3,1,2,3,2,2,0
0324b,1484c,0,1,1,3,0,2,1,1,1,1,1,1,0,0,1,2,2,1,0
1368c,0549b,2,1,1,3,0,1,2,0,1,0,1,0,2,2,3,3,4,2,0
0449c,0323c,1,0,1,3,2,3,0,0,2,1,0,1,1,0,1,0,0,1,0
1329b,0517b,1,1,1,3,2,2,3,0,2,3,0,1,3,0,1,0,3,2,0
0550b,0392b,3,0,1,0,2,2,0,4,2,1,2,1,0,2,2,2,0,1,0
1408c,1181b,0,1,1,0,0,2,0,2,1,2,1,0,2,2,1,1,0,2,0
0507a,0888c,1,1,1,3,0,2,1,2,1,0,1,1,0,0,2,1,1,1,0
1431c,0334c,3,1,1,3,2,3,1,4,2,1,4,1,3,0,2,0,0,2,0
0338c,1496c,0,1,1,3,2,2,1,2,1,2,1,1,1,0,2,2,2,1,0
0321c,1289c,2,1,1,2,2,2,0,2,2,1,1,1,3,2,2,1,4,2,0
0421c,0448b,1,0,1,1,2,2,1,1,1,2,2,1,0,0,2,3,2,1,0
1499c,1286b,2,0,1,3,0,2,1,3,2,3,4,1,0,2,3,0,4,2,0
1454a,1178a,2,4,1,3,2,2,1,1,2,3,4,1,3,0,2,0,3,2,0
1097a,1517c,3,2,1,0,2,2,0,4,2,3,0,1,0,2,2,1,4,2,0
1208a,0403a,0,4,1,0,0,2,0,2,2,2,0,2,1,0,1,0,1,1,0
1257a,0538a,2,1,1,2,2,1,0,3,2,2,1,0,3,2,2,1,4,2,0
0457a,0518b,2,3,1,3,2,2,0,1,2,1,1,1,0,0,1,1,2,1,0
1489c,0569c,2,4,1,0,2,2,1,1,2,1,1,1,0,2,2,3,3,2,0
0345a,1405b,0,1,1,0,0,2,0,2,2,1,1,1,0,0,2,1,1,1,0
0331b,0477b,3,1,1,0,2,2,0,0,2,2,1,1,1,2,3,0,2,2,0
1222a,0597a,2,1,0,2,2,1,0,3,2,3,4,2,0,2,3,3,1,1,0
0459b,1353b,2,0,1,0,2,3,1,3,2,2,1,0,2,2,1,0,2,2,0
1480c,0336c,0,0,1,1,2,2,1,2,2,3,2,1,2,2,2,0,1,1,0
0363a,1165c,0,0,1,1,2,2,1,1,2,3,0,2,4,0,2,3,2,2,0
1171a,1323c,1,2,1,3,2,3,0,0,2,1,0,1,1,2,2,3,0,1,0
0463a,1125b,1,1,1,0,0,3,3,4,2,1,1,2,4,3,2,1,2,1,0
1268a,0457a,2,1,1,0,0,2,0,4,2,2,3,1,3,2,2,0,1,2,0
1268a,1417b,2,1,1,0,0,2,0,4,2,3,4,1,0,2,3,0,3,2,0
1567b,0385a,3,1,0,2,2,2,0,0,2,0,0,1,2,2,3,3,0,2,0
1245c,1426a,1,0,1,3,2,2,1,4,2,2,0,1,1,2,2,1,2,1,0
1440c,0363a,2,4,1,1,2,3,0,2,2,0,0,1,1,2,2,1,1,2,0
1229b,1448c,1,1,1,3,2,2,0,2,2,3,4,1,3,2,2,1,1,2,0
1229c,1367c,2,1,0,0,2,2,1,2,2,1,1,1,3,2,0,0,3,2,0
1181a,1358c,1,0,1,0,2,1,0,2,2,3,4,1,1,2,3,1,1,2,0
1240a,0547a,1,0,1,3,2,2,3,1,2,2,2,0,1,2,2,0,1,2,0
1335a,1502b,2,1,1,0,2,3,0,1,2,3,4,1,3,2,2,0,4,2,0
1167a,0581c,0,2,1,0,2,2,0,4,2,2,4,2,3,2,2,1,2,2,0
0307b,1460b,3,0,1,0,2,2,1,2,2,2,2,1,3,2,2,1,3,2,0
0456b,0348b,0,1,1,1,2,2,0,1,1,1,1,1,1,0,1,0,2,1,0
1538b,0327a,2,2,1,3,0,2,0,1,1,3,1,1,1,2,0,0,4,2,0
1352a,1155c,2,2,1,1,2,2,1,4,2,1,0,1,0,2,0,0,3,2,0
1489c,1508a,2,4,1,0,2,2,1,1,2,2,4,1,0,2,2,3,4,2,0
0506b,1406c,2,2,1,2,2,2,1,0,1,1,0,1,4,0,2,3,2,2,0
1486a,1129a,1,0,1,0,2,2,0,1,2,3,1,1,0,2,2,3,1,2,0
0315b,0375b,2,1,0,2,2,1,1,3,2,1,3,0,1,0,2,0,2,1,0
1458a,0896a,0,1,1,3,2,2,1,1,2,3,1,1,1,2,3,0,3,2,0
1360c,0302b,0,1,1,2,1,2,1,1,1,2,2,2,4,3,3,3,4,2,0
1491a,1433c,3,1,1,0,2,2,1,3,2,1,4,1,0,2,2,1,0,2,0
1164a,0380b,2,1,0,2,2,1,1,1,2,1,3,2,3,3,2,0,2,2,0
1393a,1325a,2,4,1,0,2,2,0,4,2,3,1,1,0,1,2,0,1,2,0
0571b,1227b,0,1,1,0,2,2,0,0,2,3,1,1,3,2,1,0,4,2,0
1272a,0302b,1,1,1,2,2,1,2,0,1,2,2,2,4,3,3,3,4,2,0
1252a,1207c,3,1,1,3,2,3,0,3,2,3,1,1,1,2,2,1,2,1,0
0571a,1540c,2,4,1,3,2,3,0,1,2,1,2,1,0,2,2,1,0,1,0
0567b,1367c,1,2,1,0,2,2,1,2,1,1,1,1,3,2,0,0,3,2,0
1229b,1344b,1,1,1,3,2,2,0,2,2,3,4,1,3,2,2,0,2,2,0
0381a,0594a,1,0,1,3,2,2,0,3,2,3,2,1,0,2,2,1,4,2,0
1366c,1477c,0,1,1,0,2,2,1,1,1,3,1,1,2,2,2,1,0,1,0
1513a,1429a,2,0,1,3,2,3,0,3,2,1,2,1,2,2,2,1,0,1,0
0440c,0340c,3,4,1,0,2,1,0,4,2,1,0,1,1,2,1,0,3,2,0
1465a,1319a,3,4,1,0,2,2,3,2,2,2,0,1,0,2,2,3,4,2,0
1483a,1366a,2,1,1,3,2,3,0,3,2,3,1,1,0,2,1,1,1,2,0
1253a,0455c,3,0,1,0,2,2,3,2,2,3,1,1,3,3,1,3,1,2,0
1174a,0372b,1,1,1,1,2,3,0,4,2,1,1,1,3,1,2,1,2,2,0
1489a,1488c,1,1,1,3,2,2,0,0,2,3,0,1,0,2,2,0,1,2,0
1229b,1398c,1,1,1,3,2,2,0,2,2,2,1,1,0,2,2,2,1,1,0
1289a,1391a,2,1,1,0,2,3,0,3,2,3,4,1,3,2,3,0,3,2,0
0489b,1219c,1,0,1,0,2,3,3,4,2,2,4,0,1,2,3,0,1,2,0
1511b,0506b,0,1,0,2,2,2,0,2,2,2,2,1,2,2,2,1,0,1,0
1227a,1565c,1,1,1,3,2,1,0,1,2,2,1,1,0,2,2,2,2,2,0
1137a,1129a,1,1,1,0,2,1,0,1,2,3,1,1,0,2,2,3,1,2,0
0522b,1485b,2,1,0,2,2,2,0,4,2,0,1,1,3,2,1,1,2,1,0
1236a,1468c,3,0,1,3,2,2,0,3,2,1,2,1,3,2,2,0,4,2,0
1226c,1125b,2,0,0,0,0,2,0,0,2,1,1,2,4,3,2,1,2,1,0
1180b,0521a,1,1,1,0,2,2,1,1,1,2,1,1,1,2,1,3,0,2,0
1268a,1450a,2,1,1,0,0,2,0,4,2,3,1,1,3,2,2,2,1,1,0
1567b,0387a,3,1,0,2,2,2,0,0,2,0,1,0,2,0,1,2,2,2,0
1253b,0866c,0,1,1,1,2,1,1,1,1,3,0,1,0,0,2,2,2,1,0
1340c,1406c,1,0,0,0,2,1,1,2,2,1,0,1,4,0,2,3,2,2,0
0372a,0522b,1,1,1,3,2,1,0,1,1,2,1,0,2,2,2,0,4,2,0
1129a,1222a,3,1,1,0,2,2,3,1,2,2,1,0,2,2,1,0,3,2,0
0596a,1475a,2,0,1,3,2,2,1,3,2,1,1,0,0,2,2,1,2,2,0
1194b,0525a,2,4,0,1,2,2,0,1,2,1,2,1,3,2,1,1,1,1,0
1447b,0594b,1,4,1,0,2,2,2,1,1,0,0,0,3,2,0,0,3,2,0
0451a,1329a,2,1,1,0,2,1,0,0,2,1,1,1,3,2,1,1,3,2,0
0307b,1450c,3,0,1,0,2,2,1,2,2,3,0,1,1,2,1,1,3,2,0
0322b,0429a,1,1,1,3,1,2,0,1,2,2,0,1,3,2,3,0,4,2,0
1257a,0313c,2,1,1,2,2,1,0,3,2,0,1,1,3,2,2,1,1,1,0
1520a,0593c,3,2,1,3,2,2,0,2,2,1,1,1,1,2,3,0,0,1,0
1361b,0517b,1,0,1,3,2,2,0,4,2,3,0,1,3,0,1,0,3,2,0
0301b,0336c,1,1,1,2,2,3,0,0,2,3,2,1,2,2,2,0,1,1,0
1562b,1099a,1,2,1,0,0,2,0,2,2,2,1,1,3,0,2,2,3,2,0
0463a,1406a,1,1,1,0,0,3,3,4,2,1,2,2,4,2,2,0,2,2,0
1140c,0518b,2,4,1,2,2,1,0,1,2,1,1,1,0,0,1,1,2,1,0
1557a,1406b,2,1,2,3,3,2,0,1,2,1,0,0,1,0,2,2,2,2,0
0367a,1430a,2,1,1,0,2,2,0,4,2,2,1,1,0,2,3,3,3,2,0
0475a,1259b,0,1,1,2,2,2,1,4,2,1,0,1,3,2,1,2,2,1,0
0413a,1540c,1,1,1,1,2,3,0,1,1,1,2,1,0,2,2,1,0,1,0
0335a,1430b,1,1,1,2,2,2,1,0,2,1,1,1,1,1,2,0,3,2,0
0496e,1409a,2,1,0,1,2,3,0,2,2,3,4,1,3,0,2,0,4,2,0
1234a,0449c,3,4,1,3,2,2,0,3,2,1,0,1,3,2,3,0,0,2,0
0445a,0421b,2,2,1,0,0,2,0,3,2,2,0,1,1,0,2,0,0,2,0
0550c,1230b,2,0,1,1,2,2,0,4,2,1,1,0,3,2,2,1,3,2,0
1303c,1495c,3,4,1,0,2,2,0,4,2,1,1,1,0,0,2,1,2,1,0
1485a,1273c,3,4,1,0,2,2,2,2,2,1,1,1,3,1,1,3,1,2,0
0488b,1259c,2,0,0,0,2,1,0,0,2,0,1,1,0,0,2,2,1,1,0
1181b,0457b,2,1,0,2,2,1,1,0,2,1,4,0,1,0,2,0,1,1,0
1153a,0587a,0,1,1,1,2,2,0,0,2,1,1,1,2,2,2,2,0,2,0
1219b,0938b,2,0,1,0,2,1,0,3,2,2,1,0,2,2,1,1,2,2,0
0550a,1551b,3,4,1,3,2,2,0,0,2,1,1,1,0,2,1,1,1,1,0
1236c,1352a,1,1,1,1,2,3,0,1,2,2,2,1,1,2,2,1,4,2,0
0560a,1391a,2,4,1,0,0,2,0,3,2,3,4,1,3,2,3,0,3,2,0
1237c,1212c,2,1,0,2,2,2,0,1,2,2,0,1,0,0,2,2,2,1,0
0473a,1155b,1,2,1,0,0,2,1,1,2,1,1,1,3,0,1,1,2,1,0
0392b,0469a,1,2,1,0,2,2,2,0,1,2,3,1,1,2,2,3,4,2,0
0353c,1198a,1,2,1,1,2,3,0,1,2,3,0,2,4,2,2,0,4,2,0
0544a,0301a,0,1,1,0,2,2,0,1,1,1,0,1,0,2,2,1,4,2,0
0421b,0546b,2,0,1,1,0,2,0,0,2,3,1,1,3,1,3,0,1,2,0
0330a,0463b,1,0,1,1,2,2,2,1,1,0,0,0,3,2,3,0,3,2,0
1446a,1465b,1,1,1,3,2,2,1,2,2,0,1,1,1,2,1,1,2,2,0
0553b,1198b,2,1,1,0,0,2,1,1,1,1,0,1,3,2,0,2,2,1,0
1364b,1450b,3,1,1,3,2,2,1,1,2,2,2,1,3,2,3,0,3,2,0
0461b,1155a,2,1,1,0,2,2,2,0,1,1,1,0,2,2,1,1,0,2,0
0552a,1393b,2,1,1,0,2,2,1,2,1,2,1,1,3,0,2,0,3,2,0
0461a,1377c,3,1,1,3,0,2,0,0,2,2,1,0,2,2,3,0,3,2,0
1421a,1394b,1,0,1,0,2,2,3,3,2,3,1,0,1,2,1,1,3,2,0
0434b,1413a,1,4,1,0,2,2,0,0,2,2,1,1,1,2,3,0,1,2,0
1362a,1453c,3,1,1,3,2,2,0,0,2,2,1,1,0,2,2,0,2,1,0
1122a,0333a,2,1,1,3,0,1,0,2,1,2,1,1,3,2,1,2,0,1,0
1144c,0337b,1,1,1,2,2,1,0,0,2,3,4,1,3,2,2,3,4,2,0
0969b,1494c,2,0,1,1,2,1,1,2,1,3,4,1,3,2,3,3,3,2,0
0333c,1557a,3,2,1,1,2,1,1,1,2,2,1,2,3,3,2,0,1,2,0
1153b,1325b,0,4,1,3,2,2,1,2,2,0,1,1,1,2,2,1,2,1,0
1365a,0521c,3,4,1,3,2,1,0,3,2,3,1,2,1,0,2,1,3,2,0
1496a,0453c,2,4,1,1,2,1,0,4,2,1,1,1,2,0,1,1,2,1,0
0405b,1319b,1,0,1,4,0,2,0,1,2,2,4,2,3,2,2,2,1,2,0
1259c,1091a,0,1,1,0,0,2,2,1,1,3,1,2,4,2,2,3,4,2,0
0597b,0520a,2,4,1,3,2,3,0,3,2,2,4,1,0,2,1,3,3,2,0
1429b,0551a,2,1,1,0,0,2,0,1,1,2,1,1,1,2,0,1,3,2,0
1475a,1430a,1,1,0,0,2,2,1,2,2,2,1,1,0,2,3,3,3,2,0
1516a,1341a,2,0,1,0,2,2,1,1,2,0,2,1,0,2,2,0,2,2,0
1382a,1129b,2,0,1,0,2,2,1,3,2,3,1,1,0,2,2,1,4,1,0
1451a,0331a,1,4,1,3,2,2,0,4,2,3,1,0,0,2,2,3,2,2,0
0518a,0525c,2,1,1,0,0,2,2,1,1,1,1,1,2,2,1,2,1,1,0
1521b,1212a,3,1,1,3,0,2,3,3,2,2,1,1,0,0,2,2,2,1,0
0379b,1344c,3,1,1,0,2,2,0,3,2,3,1,1,3,2,2,1,4,2,0
0403c,1323a,1,0,0,0,2,2,0,3,2,2,0,1,1,2,3,2,3,2,0
0383a,1406a,0,1,0,2,2,1,1,4,2,1,2,2,4,2,2,0,2,2,0
0565a,0555b,2,1,1,3,2,2,1,1,2,1,1,1,0,1,2,0,2,2,0
1520c,1197b,2,1,1,3,1,2,0,1,2,0,0,1,4,2,3,0,4,2,0
1137b,0531c,3,1,1,3,2,1,0,0,2,1,4,1,1,2,2,0,3,2,0
1471c,1368c,1,1,1,0,0,1,1,1,2,2,1,1,3,0,1,2,0,1,0
1176b,1268b,1,4,1,1,2,2,0,2,2,1,1,1,0,2,2,1,3,1,0
1361b,0363a,1,0,1,3,2,2,0,4,2,0,0,1,1,2,2,1,1,2,0
1091b,1520c,1,1,1,0,2,2,2,1,1,2,1,1,3,1,2,0,1,2,0
1506a,0434c,2,1,0,3,0,2,1,0,2,0,1,0,2,2,3,0,3,2,0
1472c,1209c,2,0,1,3,2,2,1,1,2,2,1,1,3,2,3,3,4,2,0
0396c,0335a,3,1,1,0,2,2,3,2,2,1,1,1,2,2,2,1,0,2,0
1036c,1140a,1,4,1,0,0,2,2,0,2,3,4,0,2,2,1,1,3,2,0
1370a,1176b,2,1,1,3,0,2,0,1,2,1,4,1,1,2,2,0,2,2,0
1453a,0431c,1,1,1,3,2,2,0,4,2,2,0,1,0,2,2,2,3,2,0
0334a,0440a,2,0,1,0,2,3,0,0,2,2,0,0,2,2,2,0,4,2,0
1430a,0357c,2,1,1,0,2,3,3,3,2,0,2,1,1,0,2,0,1,1,0
0307a,0456b,2,0,1,3,2,2,0,4,2,0,1,1,1,2,2,0,1,1,0
1335b,1521c,2,2,1,0,2,2,3,2,2,0,1,1,2,2,2,1,0,2,0
0353b,1064c,2,1,1,1,2,1,1,2,1,1,4,1,1,0,2,2,1,1,0
0322b,1447c,1,1,1,3,1,2,0,1,2,1,1,0,1,2,2,2,2,2,0
1309a,0597b,0,1,1,0,2,2,0,2,2,2,4,1,3,2,3,0,3,2,0
1543a,1563a,3,1,1,0,2,2,0,4,2,0,1,1,3,2,3,0,0,2,0
1268a,1227b,2,1,1,0,0,2,0,4,2,3,1,1,3,2,1,0,4,2,0
0535a,0401b,2,4,1,1,2,2,2,1,1,2,0,2,3,2,3,3,2,2,0
1222c,1508b,0,1,1,0,2,2,1,2,1,1,1,1,0,2,1,1,0,1,0
0546c,1311c,2,0,1,3,2,1,3,1,2,1,1,0,1,0,1,1,2,1,0
0555b,0347a,1,1,1,0,1,2,0,2,2,2,4,1,3,0,3,1,4,1,0
0351b,0354c,1,1,1,1,3,2,1,3,2,1,0,0,1,0,1,3,2,2,0
1137b,1282c,3,1,1,3,2,1,0,0,2,1,1,2,3,2,2,1,2,2,0
0374b,1334a,1,4,1,3,2,2,0,1,2,3,1,1,0,2,3,0,2,2,0
0464a,0355b,1,0,1,3,2,3,1,0,2,1,4,1,0,0,2,1,1,1,0
1236b,0510c,3,4,1,0,2,2,1,0,2,3,1,1,1,2,1,1,0,2,0
1173c,0475a,1,2,1,3,0,2,0,2,2,0,1,1,2,2,2,1,4,2,0
1565b,1341a,2,1,1,3,0,2,0,2,2,0,2,1,0,2,2,0,2,2,0
0923a,1430b,2,1,1,1,1,2,0,2,2,1,1,1,1,1,2,0,3,2,0
0927c,0387a,2,1,0,2,2,1,0,1,2,0,1,0,2,0,1,2,2,2,0
1259b,1557a,1,0,1,3,2,1,2,2,1,2,1,2,3,3,2,0,1,2,0
0562c,1328a,3,0,1,3,2,1,0,2,2,3,1,1,2,2,3,0,0,2,0
1296c,0340b,1,1,1,3,0,2,1,0,2,1,4,1,1,2,1,0,3,2,0
1243a,1181a,1,0,1,3,2,2,1,3,2,1,0,1,0,2,1,0,2,2,0
0359a,1494a,2,1,1,0,2,2,0,2,2,1,0,1,1,2,2,0,1,2,0
0563c,1064c,1,4,1,1,0,3,0,2,2,1,4,1,1,0,2,2,1,1,0
0562a,0456a,0,1,1,3,2,2,1,4,2,2,1,0,2,2,2,0,3,2,0
1181a,1534a,1,0,1,0,2,1,0,2,2,2,1,1,1,2,3,1,3,2,0
1424a,1465b,3,4,1,0,2,2,1,2,2,0,1,1,1,2,1,1,2,2,0
1147c,1381a,0,4,1,1,2,2,0,4,2,1,4,0,1,2,2,0,1,2,0
1153a,1294c,0,1,1,1,2,2,0,0,2,3,0,1,3,2,3,1,0,2,0
1562b,0866c,1,2,1,0,0,2,0,2,2,3,0,1,0,0,2,2,2,1,0
1087a,0311c,1,2,1,1,2,1,0,2,1,0,0,1,0,0,2,2,1,1,0
1475a,0319c,1,1,0,0,2,2,1,2,2,2,0,0,0,2,2,0,2,2,0
0440a,1350c,2,0,0,2,2,2,0,4,2,1,4,1,3,0,1,2,1,1,0
1561b,1406a,0,0,1,0,2,2,2,1,1,1,2,2,4,2,2,0,2,2,0
0532b,0368b,2,1,1,3,0,2,0,1,1,3,0,1,3,0,2,1,2,2,0
1262a,1392a,2,4,1,3,2,3,0,4,2,2,4,1,1,0,2,3,2,1,0
1431a,0352c,3,1,1,3,2,1,3,0,2,3,4,1,1,2,3,1,3,2,0
0333c,0489a,3,2,1,1,2,1,1,1,2,1,4,2,0,2,3,1,2,2,0
1374b,1122a,1,1,1,0,2,2,2,2,1,2,1,1,3,0,1,0,2,1,0
1282c,0448b,1,1,2,3,2,2,1,2,2,2,2,1,0,0,2,3,2,1,0
0536a,0471a,2,1,1,0,2,3,0,4,2,1,4,1,1,2,3,0,1,2,0
1543a,1134b,3,1,1,0,2,2,0,4,2,3,4,1,1,2,2,0,2,2,0
1487c,0302a,3,1,1,3,0,1,0,0,1,2,0,1,1,0,2,1,1,1,0
1493a,0518a,2,1,1,0,1,2,0,3,2,2,1,1,0,0,2,2,1,1,0
1253a,0440c,3,0,1,0,2,2,3,2,2,3,4,1,0,2,1,0,4,2,0
1255a,0334a,1,1,1,0,2,2,1,0,1,2,0,1,0,2,3,0,0,2,0
0464a,0314a,1,0,1,3,2,3,1,0,2,1,1,1,0,2,1,2,1,1,0
0859a,0540c,2,0,1,3,2,0,0,3,2,2,1,0,4,0,2,0,3,2,0
0321c,0338b,2,1,1,2,2,2,0,2,2,2,1,1,3,2,1,0,3,2,0
1302a,1475a,2,1,1,3,2,2,0,0,2,1,1,0,0,2,2,1,2,2,0
0411b,0445b,1,2,1,1,2,2,0,1,2,1,1,1,3,2,1,1,1,1,0
0366a,1178c,2,4,1,3,2,2,0,3,2,2,4,1,3,0,2,1,0,2,0
0421a,0540c,3,2,1,3,2,3,3,3,2,2,1,0,4,0,2,0,3,2,0
1271a,0368c,1,1,1,2,0,1,1,4,1,3,1,0,2,2,3,2,2,2,0
1325a,1294c,3,1,1,0,1,2,0,1,2,3,0,1,3,2,3,1,0,2,0
0491b,0475a,2,1,1,0,2,1,1,0,2,0,1,1,2,2,2,1,4,2,0
0458a,1425c,2,1,1,0,2,2,1,0,2,1,4,1,1,2,1,0,1,2,0
1382b,1330b,2,1,1,0,0,2,0,0,2,2,2,1,3,2,2,0,4,2,0
0405a,0347a,3,0,1,0,2,3,1,2,1,2,4,1,3,0,3,1,4,1,0
0354a,0969b,2,1,1,4,2,1,0,4,2,2,0,1,1,2,1,1,2,1,0
0377a,1531a,1,4,1,1,2,2,0,1,2,2,0,1,0,2,3,0,3,2,0
0357b,1271c,2,1,0,0,0,2,2,3,2,0,1,2,4,2,2,2,2,2,0
0392b,0390a,1,2,1,0,2,2,2,0,1,0,0,1,0,1,2,1,2,2,0
0379c,1489c,2,1,1,2,2,2,0,3,2,2,4,1,0,2,2,1,1,2,0
0456a,0387b,2,1,0,2,2,2,0,3,2,2,2,0,1,0,1,0,2,1,0
1543a,1257c,3,1,1,0,2,2,0,4,2,0,1,1,3,2,2,0,4,2,0
1445a,0402b,0,1,1,3,2,2,0,3,2,3,4,1,3,2,2,1,2,2,0
1471c,0471b,1,1,1,0,0,1,1,1,2,0,0,1,0,1,2,0,2,2,0
1382c,1137c,2,2,1,0,2,2,0,1,2,2,2,1,3,2,2,0,3,2,0
0459b,1406a,2,0,1,0,2,3,1,3,2,1,2,2,4,2,2,0,2,2,0
1155b,0370a,1,1,1,3,0,1,1,2,1,3,0,1,0,1,3,1,1,2,0
1099a,0355a,2,1,1,3,0,2,2,3,2,3,2,1,3,2,3,0,3,2,0
1451c,1494c,0,0,1,0,2,2,0,0,2,3,4,1,3,2,3,3,3,2,0
1562b,0530a,1,2,1,0,0,2,0,2,2,2,4,1,0,2,3,3,4,2,0
1334a,1495b,3,1,1,0,2,3,0,2,2,1,1,1,2,2,1,1,0,2,0
0496c,1413a,3,4,1,3,2,2,0,1,2,2,1,1,1,2,3,0,1,2,0
0569b,1414b,0,0,1,2,2,1,1,1,2,0,4,0,0,0,1,1,1,1,0
0351a,0448b,1,2,0,0,2,2,0,3,2,2,2,1,0,0,2,3,2,1,0
1234c,0355b,2,1,0,2,2,3,0,2,2,1,4,1,0,0,2,1,1,1,0
0429a,0337b,2,0,1,3,2,3,0,4,2,3,4,1,3,2,2,3,4,2,0
0314c,0374a,1,1,1,3,2,0,0,0,2,2,2,0,0,2,1,3,3,2,0
1303c,1196a,3,4,1,0,2,2,0,4,2,0,1,1,3,2,2,2,1,1,0
0429a,1555b,2,0,1,3,2,3,0,4,2,2,2,1,1,2,3,0,3,2,0
0405c,0873b,1,0,1,1,2,2,1,2,1,3,0,2,3,0,2,0,3,2,0
0577b,1329c,2,1,0,3,2,2,1,2,2,0,1,1,0,2,2,3,0,2,0
1483a,1319a,2,1,1,3,2,3,0,3,2,2,0,1,0,2,2,3,4,2,0
1455a,0553b,3,1,1,0,2,2,1,2,2,2,1,1,0,0,2,1,1,1,0
0331a,0457c,3,1,0,0,2,2,3,2,2,0,2,1,0,0,2,0,3,2,0
0458a,0338b,2,1,1,0,2,2,1,0,2,2,1,1,3,2,1,0,3,2,0
0485b,0337b,2,1,1,0,1,1,0,2,2,3,4,1,3,2,2,3,4,2,0
1393a,1424a,2,4,1,0,2,2,0,4,2,3,4,1,0,2,2,1,2,2,0
1254c,1448a,1,1,1,0,2,2,1,1,2,2,1,1,0,2,1,0,0,1,0
1284b,1181a,1,1,1,3,0,2,0,1,2,1,0,1,0,2,1,0,2,2,0
1284b,0301b,1,1,1,3,0,2,0,1,2,1,1,1,2,2,3,0,0,2,0
0359b,1447c,3,2,1,0,2,2,3,0,2,1,1,0,1,2,2,2,2,2,0
1129c,1540c,1,2,1,3,2,2,0,2,2,1,2,1,0,2,2,1,0,1,0
0535c,0530a,1,2,1,3,2,1,3,3,2,2,4,1,0,2,3,3,4,2,0
1236b,0451c,3,4,1,0,2,2,1,0,2,1,0,1,1,2,2,0,2,1,0
1303a,1500b,3,4,1,0,0,2,0,4,2,0,2,1,0,0,2,2,2,1,0
1227a,0307b,1,1,1,3,2,1,0,1,2,3,0,1,0,2,2,1,2,2,0
0896a,0431c,3,1,1,1,2,3,0,3,2,2,0,1,0,2,2,2,3,2,0
1090c,0461b,0,0,1,3,2,2,0,1,2,2,1,1,0,2,2,2,0,1,0
1208b,0368b,1,0,1,0,2,1,0,1,1,3,0,1,3,0,2,1,2,2,0
1303a,0324b,3,4,1,0,0,2,0,4,2,0,1,1,3,0,2,1,1,1,0
1334a,1204a,3,1,1,0,2,3,0,2,2,0,0,1,0,2,2,1,0,2,0
0597b,0496a,2,4,1,3,2,3,0,3,2,3,4,1,0,2,3,1,2,2,0
1167a,1378a,0,2,1,0,2,2,0,4,2,3,4,1,3,2,3,0,0,2,0
0451b,0507b,2,1,1,3,0,2,1,2,1,0,1,1,3,2,1,1,4,2,0
1365a,0404c,3,4,1,3,2,1,0,3,2,0,2,1,3,2,2,0,4,2,0
0459b,1273a,2,0,1,0,2,3,1,3,2,1,2,1,0,0,2,1,0,2,0
1257a,0457c,2,1,1,2,2,1,0,3,2,0,2,1,0,0,2,0,3,2,0
1540c,0485b,1,2,1,0,2,2,1,0,1,2,1,1,0,1,1,0,2,2,0
1450b,0368c,2,2,1,3,2,3,0,3,2,3,1,0,2,2,3,2,2,2,0
1254c,1475a,1,1,1,0,2,2,1,1,2,1,1,0,0,2,2,1,2,2,0
0461a,0483b,3,1,1,3,0,2,0,0,2,1,1,1,0,0,3,1,2,1,0
1391c,1531b,2,1,1,0,2,2,1,1,2,2,1,1,3,2,1,1,3,2,0
1286a,1240c,1,2,1,3,2,1,1,3,2,2,1,0,0,2,3,1,1,2,0
1431c,0337c,3,1,1,3,2,3,1,4,2,3,4,1,1,2,1,1,3,2,0
0313c,1377a,0,1,1,3,2,2,1,1,1,2,2,1,3,0,3,0,2,2,0
0496c,1476a,3,4,1,3,2,2,0,1,2,1,1,1,0,2,1,0,1,1,0
0525c,1271c,1,1,1,2,2,1,2,1,1,0,1,2,4,2,2,2,2,2,0
0359b,1430b,3,2,1,0,2,2,3,0,2,1,1,1,1,1,2,0,3,2,0
1506a,0405a,2,1,0,3,0,2,1,0,2,3,0,1,0,2,3,1,2,1,0
1152a,0549c,3,4,0,2,2,1,0,2,2,3,1,1,3,3,3,3,4,2,0
1489c,1409b,2,4,1,0,2,2,1,1,2,1,1,1,3,2,3,3,1,2,0
0522b,0331a,2,1,0,2,2,2,0,4,2,3,1,0,0,2,2,3,2,2,0
0537c,1368c,2,2,1,3,2,2,2,0,1,2,1,1,3,0,1,2,0,1,0
0441b,1377b,2,2,1,0,0,2,3,2,2,0,1,1,0,1,2,1,0,2,0
0561a,0380a,2,1,1,3,2,1,0,1,2,1,4,1,3,2,2,3,1,2,0
1167a,0340a,0,2,1,0,2,2,0,4,2,3,0,1,0,2,3,1,2,2,0
1374b,1343c,1,1,1,0,2,2,2,2,1,0,0,1,1,2,1,0,1,1,0
1123c,0421a,3,4,1,3,2,2,1,4,2,3,2,1,3,2,3,3,3,2,0
1181b,0302a,2,1,0,2,2,1,1,0,2,2,0,1,1,0,2,1,1,1,0
1391c,1490c,2,1,1,0,2,2,1,1,2,0,1,1,3,2,2,0,2,2,0
1165b,1234c,0,1,1,2,2,2,1,2,2,2,1,0,2,2,3,0,2,2,0
0365a,1123b,0,2,1,0,2,2,0,1,2,0,2,1,0,2,2,1,1,2,0
1540c,1485c,1,2,1,0,2,2,1,0,1,3,4,1,3,2,3,1,3,2,0
1253a,1312a,3,0,1,0,2,2,3,2,2,1,2,0,2,0,2,1,2,1,0
1497c,1308c,2,0,1,3,2,2,3,4,2,0,1,2,4,2,2,0,3,2,0
0334a,1194c,2,0,1,0,2,3,0,0,2,2,1,2,1,2,2,0,3,2,0
1447c,1377b,1,1,0,1,2,2,2,2,2,0,1,1,0,1,2,1,0,2,0
0564c,0450b,0,1,1,1,1,1,0,3,2,1,2,0,1,0,2,0,2,1,0
0892a,0312b,1,0,1,1,2,3,0,0,2,1,1,0,1,2,2,2,4,2,0
1377c,1374a,2,1,0,2,2,3,0,3,2,3,2,0,2,2,3,0,4,2,0
1468a,0349a,1,1,1,2,2,2,0,0,2,3,1,1,1,2,1,0,1,2,0
1382c,0321a,2,2,1,0,2,2,0,1,2,2,1,1,3,2,1,1,2,1,0
1484b,1149c,1,1,1,0,2,1,1,2,1,1,1,1,3,2,1,3,3,2,0
0561a,1497a,2,1,1,3,2,1,0,1,2,0,4,1,0,2,2,1,3,2,0
1461b,1497a,2,2,1,0,2,1,0,0,2,0,4,1,0,2,2,1,3,2,0
0396b,1140a,2,1,0,1,2,2,1,3,2,3,4,0,2,2,1,1,3,2,0
0353c,0556c,1,2,1,1,2,3,0,1,2,0,1,0,1,0,3,1,0,1,0
0461b,1394c,2,1,1,0,2,2,2,0,1,3,2,1,0,2,2,3,2,1,0
1521b,1319b,3,1,1,3,0,2,3,3,2,2,4,2,3,2,2,2,1,2,0
1123b,1114a,0,2,1,0,2,2,1,1,2,2,1,1,3,0,2,2,0,1,0
1440c,1409c,2,4,1,1,2,3,0,2,2,0,2,1,0,0,2,1,2,1,0
1180b,1153a,1,1,1,0,2,2,1,1,1,0,1,1,1,2,2,0,0,2,0
0377a,0892a,1,4,1,1,2,2,0,1,2,1,0,1,1,2,3,0,0,2,0
0385c,0597a,2,2,1,0,1,2,2,1,2,3,4,2,0,2,3,3,1,1,0
1378a,0473c,3,4,1,3,2,3,0,0,2,1,1,1,3,2,3,2,4,1,0
1336a,1146a,0,1,1,2,2,2,0,0,2,0,4,1,0,2,2,1,0,2,0
0458c,1391a,3,0,1,0,2,2,0,3,2,3,4,1,3,2,3,0,3,2,0
0440b,0350a,2,1,1,2,0,2,1,0,1,3,2,1,0,1,2,1,3,2,0
0338a,1561b,2,4,1,0,2,3,0,1,2,0,0,1,0,2,2,2,1,1,0
1531b,0331a,2,1,1,3,2,1,1,3,2,3,1,0,0,2,2,3,2,2,0
1274a,0381a,1,1,1,1,2,2,0,3,2,1,0,1,3,2,2,0,3,2,0
1194a,0453c,3,1,1,1,2,1,1,2,1,1,1,1,2,0,1,1,2,1,0
1257a,1328c,2,1,1,2,2,1,0,3,2,1,1,1,3,2,2,2,1,1,0
1363b,0431b,0,1,1,1,0,2,0,2,1,3,0,2,1,2,3,0,2,2,0
0570a,1273c,2,1,0,3,0,2,1,3,2,1,1,1,3,1,1,3,1,2,0
1330a,0421c,3,2,1,3,2,2,0,0,2,1,0,1,1,2,2,1,1,1,0
0577a,1386a,2,1,1,0,2,2,0,1,2,1,1,1,0,2,2,0,3,2,0
0368b,1483c,3,0,1,3,0,2,1,2,2,1,1,1,1,0,1,0,1,1,0
0576c,0507b,2,4,1,1,2,2,0,2,2,0,1,1,3,2,1,1,4,2,0
1164b,0434c,2,1,1,2,1,2,1,1,2,0,1,0,2,2,3,0,3,2,0
1491a,0445a,3,1,1,0,2,2,1,3,2,2,2,1,0,0,2,0,3,2,0
1391c,1448b,2,1,1,0,2,2,1,1,2,1,2,1,3,2,2,1,1,2,0
1171a,1039a,1,2,1,3,2,3,0,0,2,3,1,0,0,0,3,1,0,2,0
0579a,1552b,1,0,1,3,2,2,0,1,2,2,1,1,3,2,1,1,1,1,0
0506b,1392a,2,2,1,2,2,2,1,0,1,2,4,1,1,0,2,3,2,1,0
0363a,0450b,0,0,1,1,2,2,1,1,2,1,2,0,1,0,2,0,2,1,0
1248a,1471c,2,1,1,3,2,2,1,4,2,1,1,1,0,0,1,1,1,2,0
1153a,1521b,0,1,1,1,2,2,0,0,2,3,1,1,3,0,2,3,3,2,0
1146a,1173c,0,4,1,0,2,2,1,0,2,1,2,1,3,0,2,0,2,2,0
1207c,1039c,3,1,1,1,2,2,1,2,1,2,4,1,0,2,2,3,1,2,0
1367a,0368c,2,0,1,1,2,2,3,2,2,3,1,0,2,2,3,2,2,2,0
0381a,1268a,1,0,1,3,2,2,0,3,2,2,1,1,0,0,2,0,4,2,0
0535a,1271c,2,4,1,1,2,2,2,1,1,0,1,2,4,2,2,2,2,2,0
1374b,0517a,1,1,1,0,2,2,2,2,1,3,0,1,0,2,0,1,1,2,0
1455a,1531b,3,1,1,0,2,2,1,2,2,2,1,1,3,2,1,1,3,2,0
1490c,1534c,0,1,1,3,2,2,0,2,2,3,1,1,0,2,1,0,3,2,0
1282c,1181b,1,1,2,3,2,2,1,2,2,2,1,0,2,2,1,1,0,2,0
1408c,1108b,0,1,1,0,0,2,0,2,1,2,2,0,2,2,1,0,0,2,0
0473b,1308c,1,4,1,1,0,3,0,3,2,0,1,2,4,2,2,0,3,2,0
0488c,1443b,1,4,0,1,2,2,0,4,2,2,1,1,2,0,2,2,0,1,0
0535a,1368c,2,4,1,1,2,2,2,1,1,2,1,1,3,0,1,2,0,1,0
0596a,1144c,2,0,1,3,2,2,1,3,2,1,1,1,2,2,1,0,0,2,0
0379c,1330c,2,1,1,2,2,2,0,3,2,1,1,1,2,2,2,1,3,2,0
1520c,1178b,2,1,1,3,1,2,0,1,2,3,0,1,3,2,2,3,1,2,0
0353a,1254a,2,1,1,3,1,2,0,2,2,1,1,1,1,2,1,3,3,2,0
1432c,0335b,2,2,1,0,2,2,0,2,2,3,4,1,0,2,2,1,1,2,0
1329c,1501b,0,1,1,0,2,2,3,0,2,3,1,1,2,2,1,1,0,1,0
1364c,0359b,2,2,1,0,2,2,1,3,2,3,2,1,0,2,2,3,0,2,0
1528c,1494b,0,1,1,3,2,2,0,0,2,2,1,1,0,2,1,1,4,2,0
0456b,1303a,0,1,1,1,2,2,0,1,1,3,4,1,0,0,2,0,4,2,0
1108b,1350c,2,2,0,2,2,1,0,0,2,1,4,1,3,0,1,2,1,1,0
1521c,0405c,0,1,1,2,2,2,1,0,2,1,0,1,1,2,2,1,2,1,0
0429a,0469c,2,0,1,3,2,3,0,4,2,2,0,1,1,0,2,3,0,1,0
0381a,1252c,1,0,1,3,2,2,0,3,2,1,2,1,0,2,2,1,1,1,0
1123b,1328c,0,2,1,0,2,2,1,1,2,1,1,1,3,2,2,2,1,1,0
1394c,0564c,3,2,1,0,2,2,3,2,1,0,1,1,1,1,1,0,3,2,0
1230a,1516a,0,1,1,0,2,2,0,3,2,2,0,1,0,2,2,1,1,2,0
1540c,0312b,1,2,1,0,2,2,1,0,1,1,1,0,1,2,2,2,4,2,0
1335a,0897c,2,1,1,0,2,3,0,1,2,2,4,1,3,2,3,1,3,2,0
0460c,0457b,2,4,2,1,2,2,2,1,2,1,4,0,1,0,2,0,1,1,0
1224c,1414c,1,0,1,1,2,1,1,2,2,1,0,1,1,3,1,1,2,1,0
1471b,1325a,1,0,1,0,2,2,0,4,2,3,1,1,0,1,2,0,1,2,0
0353c,0592c,1,2,1,1,2,3,0,1,2,1,2,1,1,2,3,0,3,2,0
0507a,1323a,1,1,1,3,0,2,1,2,1,2,0,1,1,2,3,2,3,2,0
0546c,1532a,2,0,1,3,2,1,3,1,2,0,2,1,0,2,1,1,1,1,0
0938b,0311c,2,1,0,2,2,1,1,2,2,0,0,1,0,0,2,2,1,1,0
1364b,0350b,3,1,1,3,2,2,1,1,2,2,1,1,3,2,1,1,4,2,0
1520a,1371c,3,2,1,3,2,2,0,2,2,2,1,1,0,2,3,2,3,2,0
0390c,1204b,2,0,1,0,1,2,1,3,2,2,1,1,3,1,3,0,4,2,0
1323c,1532a,1,0,1,1,2,2,3,0,1,0,2,1,0,2,1,1,1,1,0
1446a,1516a,1,1,1,3,2,2,1,2,2,2,0,1,0,2,2,1,1,2,0
0321a,1477b,2,1,1,3,2,1,1,2,1,1,1,1,1,0,2,0,1,1,0
0321b,0564b,3,2,1,3,2,2,1,4,2,2,2,1,2,0,2,1,1,1,0
1107c,0352c,0,2,1,3,2,2,1,0,2,3,4,1,1,2,3,1,3,2,0
1174b,0376b,2,0,1,3,3,2,1,4,2,1,2,0,2,0,1,1,1,1,0
1518a,1237c,2,2,1,3,2,2,0,1,2,2,1,0,2,2,2,0,1,2,0
1260a,0451c,0,1,1,1,2,2,0,4,2,1,0,1,1,2,2,0,2,1,0
0372b,0365c,1,1,1,3,1,2,1,2,2,0,4,0,3,0,1,1,2,1,0
1366a,0571a,3,1,1,0,2,1,1,1,2,2,4,1,3,2,3,0,1,2,0
1217b,0466c,1,1,1,1,0,2,1,2,1,3,1,1,2,2,1,2,0,1,0
1444a,1483c,0,1,1,0,2,3,0,3,2,1,1,1,1,0,1,0,1,1,0
0456a,0911b,2,1,0,2,2,2,0,3,2,1,3,1,1,2,2,2,1,1,0
1411a,1567c,2,0,1,1,2,2,1,1,2,2,4,1,4,2,2,0,2,2,0
1303c,1551a,3,4,1,0,2,2,0,4,2,0,1,1,0,2,2,3,3,2,0
0592b,1204a,1,2,1,1,2,2,0,2,2,0,0,1,0,2,2,1,0,2,0
1442a,1336a,3,2,1,0,2,2,0,1,2,0,1,1,2,2,2,0,0,2,0
1201a,1328a,0,1,1,0,2,2,2,3,2,3,1,1,2,2,3,0,0,2,0
1485a,1193a,3,4,1,0,2,2,2,2,2,1,4,1,3,2,3,1,1,2,0
1174b,1406c,2,0,1,3,3,2,1,4,2,1,0,1,4,0,2,3,2,2,0
1432a,1353b,2,4,1,0,2,1,0,1,2,2,1,0,2,2,1,0,2,2,0
0390a,1449c,0,0,1,0,1,2,1,2,2,1,1,1,0,0,3,2,2,1,0
0550b,1551c,3,0,1,0,2,2,0,4,2,2,4,1,3,2,2,3,2,2,0
0592b,0351a,1,2,1,1,2,2,0,2,2,1,2,0,0,2,2,0,3,2,0
1335a,1451c,2,1,1,0,2,3,0,1,2,0,0,1,0,2,2,0,0,2,0
0969a,0473c,2,2,1,1,2,2,1,2,1,1,1,1,3,2,3,2,4,1,0
0538a,0401b,2,1,0,3,2,2,1,4,2,2,0,2,3,2,3,3,2,2,0
0381b,0318b,3,1,1,0,2,3,0,4,2,1,2,1,0,0,2,0,0,2,0
1147c,0344c,0,4,1,1,2,2,0,4,2,1,1,0,2,2,2,1,0,2,0
1108b,0376c,2,2,0,2,2,1,0,0,2,2,1,0,0,3,2,2,3,2,0
1416b,0492c,2,0,1,0,2,2,1,2,2,2,0,1,1,2,1,0,1,2,0
0969b,0580b,2,0,1,1,2,1,1,2,1,1,1,0,2,2,2,3,3,2,0
0379c,1231b,2,1,1,2,2,2,0,3,2,0,0,1,0,2,2,0,1,2,0
0579a,1146b,1,0,1,3,2,2,0,1,2,2,0,1,3,2,1,1,1,2,0
1451b,1409a,3,1,1,3,2,3,3,3,2,3,4,1,3,0,2,0,4,2,0
1378a,0352c,3,4,1,3,2,3,0,0,2,3,4,1,1,2,3,1,3,2,0
0544b,1393c,2,1,1,3,2,3,0,0,2,1,4,1,0,2,2,1,2,2,0
1423a,1155b,3,1,1,1,2,2,2,1,1,1,1,1,3,0,1,1,2,1,0
0314b,1091b,0,0,1,0,2,2,0,2,2,1,1,1,0,2,2,2,1,1,0
1477a,0359b,3,0,1,3,2,1,1,0,2,3,2,1,0,2,2,3,0,2,0
1565a,1149c,2,4,1,3,2,2,0,1,2,1,1,1,3,2,1,3,3,2,0
1393a,0445b,2,4,1,0,2,2,0,4,2,1,1,1,3,2,1,1,1,1,0
1353b,0301c,2,1,0,2,2,1,0,2,2,3,1,1,4,0,2,0,1,2,0
0334c,0556a,1,4,1,3,0,2,0,0,2,2,1,1,1,0,2,0,4,1,0
0368c,0549b,3,1,0,2,2,3,2,2,2,0,1,0,2,2,3,3,4,2,0
1517c,1122a,3,0,1,0,2,2,1,4,2,2,1,1,3,0,1,0,2,1,0
0516b,1443c,0,1,0,2,2,2,0,1,2,0,1,1,1,2,1,1,2,1,0
0560a,0535c,2,4,1,0,0,2,0,3,2,1,2,1,3,2,1,3,3,2,0
0553b,1356b,2,1,1,0,0,2,1,1,1,2,4,0,2,2,2,0,4,2,0
0414a,1178b,3,2,1,0,2,2,0,2,2,3,0,1,3,2,2,3,1,2,0
1267b,0464a,2,2,1,2,2,2,0,1,2,1,0,1,3,2,3,1,0,2,0
0411b,1240b,1,2,1,1,2,2,0,1,2,1,1,1,1,0,1,0,3,2,0
1343c,1123a,0,0,1,1,2,1,0,1,1,2,1,2,1,0,1,1,2,1,0
1544a,1533c,3,4,1,0,2,2,3,4,2,1,2,1,3,2,1,0,1,1,0
1363c,0873b,0,1,0,1,0,2,0,1,1,3,0,2,3,0,2,0,3,2,0
0577a,1314a,2,1,1,0,2,2,0,1,2,1,1,1,1,2,1,0,4,2,0
1135b,0577c,3,1,1,0,2,3,1,1,2,1,1,1,1,2,3,0,0,2,0
0547a,1164b,2,2,0,1,2,2,0,1,2,2,1,1,2,1,2,1,1,2,0
0373b,0375c,2,1,1,1,2,1,0,0,1,2,4,1,4,2,2,2,1,1,0
1485a,1423a,3,4,1,0,2,2,2,2,2,3,1,1,1,2,2,2,1,1,0
1507b,1406a,1,0,1,1,2,2,3,0,2,1,2,2,4,2,2,0,2,2,0
0472a,1243a,3,1,1,3,2,3,0,0,2,1,0,1,3,2,2,1,3,2,0
1364c,0411b,2,2,1,0,2,2,1,3,2,1,2,1,1,2,2,0,1,2,0
1378b,0477b,3,1,1,3,2,2,1,3,2,2,1,1,1,2,3,0,2,2,0
0560c,1498b,1,1,1,0,2,1,1,0,2,2,1,1,1,0,2,0,1,2,0
0525b,0555a,2,3,0,0,2,2,0,3,2,1,4,0,2,0,2,3,4,1,0
0316a,1309c,2,1,2,3,2,3,1,2,2,1,1,0,1,0,1,0,2,1,0
1480c,1196a,0,0,1,1,2,2,1,2,2,0,1,1,3,2,2,2,1,1,0
1314a,0507a,1,1,1,1,2,1,0,4,2,1,1,1,3,0,2,1,2,1,0
1236b,0318c,3,4,1,0,2,2,1,0,2,3,2,1,3,2,2,0,4,2,0
1371c,0950a,2,1,1,0,2,3,2,3,2,2,1,1,3,0,2,2,2,1,0
0338c,1377c,0,1,1,3,2,2,1,2,1,2,1,0,2,2,3,0,3,2,0
0307a,1303a,2,0,1,3,2,2,0,4,2,3,4,1,0,0,2,0,4,2,0
1393a,1097a,2,4,1,0,2,2,0,4,2,3,2,1,0,2,2,0,4,2,0
1405b,0401c,1,1,1,0,0,2,1,1,1,1,3,1,3,0,3,0,4,2,0
0333c,0370a,3,2,1,1,2,1,1,1,2,3,0,1,0,1,3,1,1,2,0
1240a,1124c,1,0,1,3,2,2,3,1,2,3,1,1,0,2,0,1,2,2,0
1303c,0314a,3,4,1,0,2,2,0,4,2,1,1,1,0,2,1,2,1,1,0
1476c,1461a,1,2,1,3,0,2,1,1,1,1,0,1,1,2,0,0,1,2,0
1468a,0429b,1,1,1,2,2,2,0,0,2,1,1,1,3,2,3,1,4,2,0
1267c,0359b,1,0,1,0,2,2,0,1,1,3,2,1,0,2,2,3,0,2,0
0355a,1208b,3,2,1,3,2,3,0,3,2,1,0,1,0,2,1,0,1,1,0
1546b,1196c,3,1,1,0,0,3,0,3,2,1,1,1,1,2,3,3,3,2,0
0483b,1108b,1,1,1,0,0,3,1,2,1,2,2,0,2,2,1,0,0,2,0
0563a,0401b,1,1,1,1,0,2,0,2,1,2,0,2,3,2,3,3,2,2,0
0334a,0593b,2,0,1,0,2,3,0,0,2,3,4,1,0,2,2,3,3,2,0
0316b,0304a,2,1,1,3,2,2,2,4,2,2,1,1,1,2,0,1,2,2,0
1448a,1325a,2,1,1,0,2,1,0,0,1,3,1,1,0,1,2,0,1,2,0
0938b,1181b,2,1,0,2,2,1,1,2,2,2,1,0,2,2,1,1,0,2,0
1502b,1562b,3,4,1,3,2,2,0,4,2,1,2,1,0,0,2,0,2,2,0
0532b,1423a,2,1,1,3,0,2,0,1,1,3,1,1,1,2,2,2,1,1,0
0927a,0354a,1,0,1,0,0,2,0,2,1,2,1,1,4,2,1,0,4,2,0
0492a,0453c,3,4,1,1,2,2,0,4,2,1,1,1,2,0,1,1,2,1,0
0365b,1409b,2,1,1,3,0,2,0,2,1,1,1,1,3,2,3,3,1,2,0
0472a,1222c,3,1,1,3,2,3,0,0,2,0,1,1,0,2,2,1,2,1,0
0570a,1484c,2,1,0,3,0,2,1,3,2,1,1,1,0,0,1,2,2,1,0
0581c,1219c,2,4,2,3,2,2,1,2,2,2,4,0,1,2,3,0,1,2,0
1518a,1237b,2,2,1,3,2,2,0,1,2,3,0,1,1,2,2,0,0,2,0
1521b,0348b,3,1,1,3,0,2,3,3,2,1,1,1,1,0,1,0,2,1,0
1231a,0392b,1,2,1,0,2,2,1,0,2,1,2,1,0,2,2,2,0,1,0
0547c,1500b,1,2,1,3,2,1,2,1,1,0,2,1,0,0,2,2,2,1,0
1487c,0357b,3,1,1,3,0,1,0,0,1,2,1,0,0,0,2,2,3,2,0
0301b,1208b,1,1,1,2,2,3,0,0,2,1,0,1,0,2,1,0,1,1,0
1282b,1413a,2,2,1,3,2,2,0,2,2,2,1,1,1,2,3,0,1,2,0
0456a,1064c,2,1,0,2,2,2,0,3,2,1,4,1,1,0,2,2,1,1,0
1567c,1343c,2,4,1,4,2,2,0,2,2,0,0,1,1,2,1,0,1,1,0
1122a,1323a,2,1,1,3,0,1,0,2,1,2,0,1,1,2,3,2,3,2,0
1207c,0518c,3,1,1,1,2,2,1,2,1,3,4,1,1,2,3,0,4,2,0
0359a,0359b,2,1,1,0,2,2,0,2,2,3,2,1,0,2,2,3,0,2,1
0577a,0577b,2,1,1,0,2,2,0,1,2,2,1,0,3,2,2,1,2,2,1
0577a,0577c,2,1,1,0,2,2,0,1,2,1,1,1,1,2,3,0,0,2,1
1120a,1120b,2,1,1,3,2,2,0,2,2,1,1,1,0,2,2,0,2,2,1
1120a,1120c,2,1,1,3,2,2,0,2,2,2,1,1,0,2,2,0,0,2,1
1120b,1120c,1,1,1,0,2,2,0,2,2,2,1,1,0,2,2,0,0,2,1
1121a,1121b,2,1,1,3,2,2,0,1,2,2,1,1,0,2,2,0,3,2,1
1121a,1121c,2,1,1,3,2,2,0,1,2,1,1,1,0,2,2,0,1,2,1
1121b,1121c,2,1,1,0,2,2,0,3,2,1,1,1,0,2,2,0,1,2,1
1229b,1229c,1,1,1,3,2,2,0,2,2,2,1,0,0,2,2,1,2,2,1
1302a,1302b,2,1,1,3,2,2,0,0,2,3,1,1,0,2,2,0,2,2,1
1302a,1302c,2,1,1,3,2,2,0,0,2,2,1,1,3,2,2,0,3,2,1
1302b,1302c,3,1,1,0,2,2,0,2,2,2,1,1,3,2,2,0,3,2,1
1305a,1305b,1,1,1,0,2,2,0,0,2,2,1,1,0,2,2,1,2,2,1
1305a,1305c,1,1,1,0,2,2,0,0,2,1,1,1,3,2,2,0,1,2,1
1305b,1305c,2,1,1,0,2,2,1,2,2,1,1,1,3,2,2,0,1,2,1
1386a,1386b,1,1,1,0,2,2,0,3,2,3,1,1,0,2,2,0,1,2,1
1386a,1386c,1,1,1,0,2,2,0,3,2,3,1,1,3,2,2,0,2,2,1
1386b,1386c,3,1,1,0,2,2,0,1,2,3,1,1,3,2,2,0,2,2,1
1391c,1391b,2,1,1,0,2,2,1,1,2,3,4,1,0,2,2,1,4,2,1
1391c,1391a,2,1,1,0,2,2,1,1,2,3,4,1,3,2,3,0,3,2,1
1489a,1489b,1,1,1,3,2,2,0,0,2,2,1,1,3,2,2,1,2,2,1
1489a,1489c,1,1,1,3,2,2,0,0,2,2,4,1,0,2,2,1,1,2,1
1489b,1489c,2,1,1,3,2,2,1,2,2,2,4,1,0,2,2,1,1,2,1
1517a,1517b,2,1,1,1,2,2,0,2,2,1,1,1,3,2,2,0,3,2,1
1517a,1517c,2,1,1,1,2,2,0,2,2,3,0,1,0,2,2,1,4,2,1
1517b,1517c,1,1,1,3,2,2,0,3,2,3,0,1,0,2,2,1,4,2,1
0331b,0331a,3,1,1,0,2,2,0,0,2,3,1,0,0,2,2,3,2,2,1
0367a,0367b,2,1,1,0,2,2,0,4,2,1,1,1,0,2,2,1,2,2,1
0367a,0367c,2,1,1,0,2,2,0,4,2,3,1,1,3,2,2,0,1,2,1
0367b,0367c,1,1,1,0,2,2,1,2,2,3,1,1,3,2,2,0,1,2,1
0379b,0379c,3,1,1,0,2,2,0,3,2,2,1,1,2,2,2,0,3,2,1
0458a,0458c,2,1,1,0,2,2,1,0,2,3,0,1,0,2,2,0,3,2,1
0458a,0458b,2,1,1,0,2,2,1,0,2,3,2,1,3,2,2,1,3,2,1
0565a,0565b,2,1,1,3,2,2,1,1,2,2,1,1,0,2,2,1,3,2,1
0565a,0565c,2,1,1,3,2,2,1,1,2,2,1,1,1,2,2,0,1,2,1
0565b,0565c,2,1,1,0,2,2,1,3,2,2,1,1,1,2,2,0,1,2,1
1254c,1254a,1,1,1,0,2,2,1,1,2,1,1,1,1,2,1,3,3,2,1
1254c,1254b,1,1,1,0,2,2,1,1,2,2,1,0,2,2,2,1,3,2,1
1362a,1362b,3,1,1,3,2,2,0,0,2,2,1,1,3,2,2,0,4,2,1
1362a,1362c,3,1,1,3,2,2,0,0,2,3,0,1,0,2,2,0,2,2,1
1362b,1362c,2,1,1,3,2,2,0,4,2,3,0,1,0,2,2,0,2,2,1
1446a,1446b,1,1,1,3,2,2,1,2,2,1,1,1,1,2,2,0,2,2,1
1446a,1446c,1,1,1,3,2,2,1,2,2,3,1,1,3,2,2,0,3,2,1
1446b,1446c,1,1,1,1,2,2,0,2,2,3,1,1,3,2,2,0,3,2,1
1454b,1454c,2,1,1,3,2,2,1,0,2,1,1,1,0,2,2,0,4,2,1
1454b,1454a,2,1,1,3,2,2,1,0,2,2,4,1,3,2,2,1,1,2,1
1454c,1454a,1,1,1,0,2,2,0,4,2,2,4,1,3,2,2,1,1,2,1
1455a,1455b,3,1,1,0,2,2,1,2,2,2,1,1,1,2,2,0,0,2,1
1455a,1455c,3,1,1,0,2,2,1,2,2,2,1,1,3,2,2,1,3,2,1
1455b,1455c,2,1,1,1,2,2,0,0,2,2,1,1,3,2,2,1,3,2,1
1510b,1510c,1,1,1,0,2,2,1,0,2,2,1,1,1,2,2,0,3,2,1
1510b,1510a,1,1,1,0,2,2,1,0,2,1,1,1,0,2,1,0,3,2,1
1510c,1510a,2,1,1,1,2,2,0,3,2,1,1,1,0,2,1,0,3,2,1
1534b,1534c,1,1,1,3,2,2,1,1,2,3,1,1,0,2,1,0,3,2,1
1534b,1534a,1,1,1,3,2,2,1,1,2,2,1,1,1,2,3,1,3,2,1
1540b,1540c,1,1,1,0,2,2,1,3,2,1,2,1,0,2,2,1,0,1,1
1300a,1300b,1,1,1,1,2,2,0,1,2,2,1,1,0,2,1,0,2,2,1
1300a,1300c,1,1,1,1,2,2,0,1,2,3,1,1,0,2,2,1,1,2,1
1300b,1300c,2,1,1,0,2,1,0,2,2,3,1,1,0,2,2,1,1,2,1
1309a,1309b,0,1,1,0,2,2,0,2,2,2,2,1,3,2,2,0,0,2,1
1309a,1309c,0,1,1,0,2,2,0,2,2,1,1,0,1,0,1,0,2,1,1
1453a,1453b,1,1,1,3,2,2,0,4,2,3,1,1,3,2,2,1,2,2,1
1453a,1453c,1,1,1,3,2,2,0,4,2,2,1,1,0,2,2,0,2,1,1
1453b,1453c,3,1,1,3,2,2,1,2,2,2,1,1,0,2,2,0,2,1,1
1482b,1482a,1,1,1,3,2,2,1,0,2,2,4,1,3,2,2,3,1,2,1
1518c,1518a,2,1,1,0,2,1,0,1,2,2,2,1,3,2,2,0,1,2,1
1543a,1543b,3,1,1,0,2,2,0,4,2,2,1,1,2,2,2,1,0,2,1
1543a,1543c,3,1,1,0,2,2,0,4,2,1,1,1,1,2,2,0,2,1,1
0584a,0584b,1,1,1,1,2,2,0,0,2,2,1,1,1,2,2,1,2,2,1
0584a,0584c,1,1,1,1,2,2,0,0,2,0,1,1,0,2,2,0,1,2,1
0584b,0584c,2,1,1,1,2,2,1,2,2,0,1,1,0,2,2,0,1,2,1
1127a,1127b,1,1,1,3,2,2,1,3,2,3,1,1,0,2,2,1,0,2,1
1127a,1127c,1,1,1,3,2,2,1,3,2,2,4,1,0,2,2,0,2,2,1
1127b,1127c,3,1,1,0,2,2,1,0,2,2,4,1,0,2,2,0,2,2,1
1284a,1284b,2,1,1,0,2,2,1,4,2,1,1,1,3,0,2,0,1,2,1
1284a,1284c,2,1,1,0,2,2,1,4,2,3,1,1,0,2,1,1,2,2,1
1360b,1360a,2,0,1,0,2,2,0,2,2,3,1,0,2,2,2,0,2,2,1
1360b,1360c,2,0,1,0,2,2,0,2,2,0,1,1,2,1,2,1,1,1,1
1364b,1364c,3,1,1,3,2,2,1,1,2,2,2,1,0,2,2,1,3,2,1
1364b,1364a,3,1,1,3,2,2,1,1,2,2,1,1,2,0,2,0,3,2,1
1490c,1490b,0,1,1,3,2,2,0,2,2,1,0,1,3,2,1,0,2,2,1
1491a,1491b,3,1,1,0,2,2,1,3,2,2,1,1,0,2,2,0,1,1,1
1491a,1491c,3,1,1,0,2,2,1,3,2,1,1,1,1,2,2,1,0,2,1
1491b,1491c,2,1,1,0,2,2,0,1,1,1,1,1,1,2,2,1,0,2,1
0321c,0321a,2,1,1,2,2,2,0,2,2,2,1,1,3,2,1,1,2,1,1
0321c,0321b,2,1,1,2,2,2,0,2,2,3,2,1,3,2,2,1,4,2,1
0451a,0451b,2,1,1,0,2,1,0,0,2,2,1,1,3,0,2,1,2,1,1
0451a,0451c,2,1,1,0,2,1,0,0,2,1,0,1,1,2,2,0,2,1,1
0503a,0503b,2,1,1,0,2,3,0,2,2,2,1,1,1,2,2,1,1,2,1
0561a,0561b,2,1,1,3,2,1,0,1,2,3,1,1,3,2,2,0,4,2,1
0571b,0571a,0,1,1,0,2,2,0,0,2,2,4,1,3,2,3,0,1,2,1
0571b,0571c,0,1,1,0,2,2,0,0,2,1,0,1,1,0,1,0,1,1,1
0600a,0600b,2,1,1,0,2,1,0,3,2,0,1,1,3,2,2,0,1,2,1
0600a,0600c,2,1,1,0,2,1,0,3,2,3,1,1,3,2,2,1,0,2,1
0600b,0600c,0,1,1,3,2,2,0,1,2,3,1,1,3,2,2,1,0,2,1
1137a,1137b,1,1,1,0,2,1,0,1,2,3,1,1,3,2,1,0,0,2,1
1137a,1137c,1,1,1,0,2,1,0,1,2,2,2,1,3,2,2,0,3,2,1
1230a,1230c,0,1,1,0,2,2,0,3,2,2,4,1,3,2,2,0,2,2,1
1230a,1230b,0,1,1,0,2,2,0,3,2,1,1,0,3,2,2,1,3,2,1
1230c,1230b,2,4,1,3,2,2,0,2,2,1,1,0,3,2,2,1,3,2,1
1248a,1248b,2,1,1,3,2,2,1,4,2,3,1,1,1,2,2,0,0,2,1
1248a,1248c,2,1,1,3,2,2,1,4,2,1,1,1,1,2,2,1,2,2,1
1248b,1248c,3,1,1,1,2,2,0,0,2,1,1,1,1,2,2,1,2,2,1
1335a,1335b,2,1,1,0,2,3,0,1,2,2,2,1,0,2,2,3,2,2,1
1335a,1335c,2,1,1,0,2,3,0,1,2,2,1,1,3,2,2,2,1,1,1
1378b,1378c,3,1,1,3,2,2,1,3,2,1,1,1,3,2,1,0,2,2,1
1378b,1378a,3,1,1,3,2,2,1,3,2,3,4,1,3,2,3,0,0,2,1
1378c,1378a,1,1,1,3,2,1,0,2,2,3,4,1,3,2,3,0,0,2,1
1432c,1432a,2,2,1,0,2,2,0,2,2,2,4,1,0,2,1,0,1,2,1
1432c,1432b,2,2,1,0,2,2,0,2,2,3,1,1,0,1,2,1,4,2,1
1481a,1481b,3,1,1,1,2,2,0,3,2,2,1,1,1,2,2,1,0,2,1
1481a,1481c,3,1,1,1,2,2,0,3,2,2,1,1,3,2,1,0,0,2,1
1481b,1481c,2,1,1,1,2,2,1,0,2,2,1,1,3,2,1,0,0,2,1
1487a,1487c,2,1,1,3,2,3,0,2,2,3,1,1,3,0,1,0,0,1,1
1512b,1512c,2,0,1,0,2,2,0,0,2,2,1,1,1,2,2,1,3,2,1
1565a,1565b,2,4,1,3,2,2,0,1,2,2,1,1,3,0,2,0,2,2,1
1565a,1565c,2,4,1,3,2,2,0,1,2,2,1,1,0,2,2,2,2,2,1
0338b,0338a,2,1,1,3,2,1,0,3,2,2,4,1,0,2,3,0,1,2,1
0338b,0338c,2,1,1,3,2,1,0,3,2,0,1,1,3,2,2,1,2,1,1
0422a,0422b,1,1,1,0,2,1,0,0,2,2,4,1,0,2,2,0,3,2,1
0422a,0422c,1,1,1,0,2,1,0,0,2,2,0,1,0,2,2,0,3,2,1
0422b,0422c,2,4,1,0,2,2,0,3,2,2,0,1,0,2,2,0,3,2,1
0472b,0472a,2,1,1,0,2,1,1,2,2,3,1,1,3,2,3,0,0,2,1
0472b,0472c,2,1,1,0,2,1,1,2,2,2,1,1,1,2,2,3,2,2,1
1227a,1227b,1,1,1,3,2,1,0,1,2,3,1,1,3,2,1,0,4,2,1
1382c,1382b,2,2,1,0,2,2,0,1,2,2,1,1,0,0,2,0,0,2,1
1382c,1382a,2,2,1,0,2,2,0,1,2,2,0,1,0,2,2,1,3,2,1
1445a,1445b,0,1,1,3,2,2,0,3,2,2,1,1,2,2,2,0,0,2,1
1445a,1445c,0,1,1,3,2,2,0,3,2,2,1,1,0,2,3,0,0,2,1
1445b,1445c,2,1,1,2,2,2,0,0,2,2,1,1,0,2,3,0,0,2,1
1486a,1486b,1,0,1,0,2,2,0,1,2,2,0,1,0,2,3,1,4,2,1
1545a,1545b,0,1,1,0,2,2,1,2,2,2,1,1,0,0,2,0,1,2,1
1545a,1545c,0,1,1,0,2,2,1,2,2,2,1,1,3,2,3,0,1,2,1
1545b,1545c,2,1,1,0,0,2,0,1,2,2,1,1,3,2,3,0,1,2,1
1282b,1282c,2,2,1,3,2,2,0,2,2,1,1,2,3,2,2,1,2,2,1
1289a,1289b,2,1,1,0,2,3,0,3,2,1,4,1,3,2,2,0,2,2,1
1289a,1289c,2,1,1,0,2,3,0,3,2,1,1,1,3,2,2,1,4,2,1
1289b,1289c,1,4,1,3,2,2,0,2,2,1,1,1,3,2,2,1,4,2,1
1565b,1565c,2,1,1,3,0,2,0,2,2,2,1,1,0,2,2,2,2,2,1
0552a,0552b,2,1,1,0,2,2,1,2,1,2,0,1,3,2,2,0,0,2,1
0552a,0552c,2,1,1,0,2,2,1,2,1,1,2,1,0,2,2,0,2,2,1
0552b,0552c,2,0,1,3,2,2,0,0,2,1,2,1,0,2,2,0,2,2,1
1307a,1307b,1,1,1,3,2,2,0,1,1,3,4,1,0,2,3,1,1,2,1
1492a,1492b,1,1,1,3,2,1,0,0,2,2,2,1,0,2,2,0,0,2,1
1492a,1492c,1,1,1,3,2,1,0,0,2,1,1,1,3,2,3,0,2,2,1
1492b,1492c,2,2,1,0,2,2,0,0,2,1,1,1,3,2,3,0,2,2,1
0366a,0366b,2,4,1,3,2,2,0,3,2,3,1,2,4,3,2,0,2,2,1
0434b,0434c,1,4,1,0,2,2,0,0,2,0,1,0,2,2,3,0,3,2,1
0434b,0434a,1,4,1,0,2,2,0,0,2,3,0,0,2,0,3,3,0,2,1
0496f,0496c,2,4,1,0,2,2,1,2,2,3,4,1,3,2,2,0,1,2,1
0496f,0496d,2,4,1,0,2,2,1,2,2,2,1,1,1,2,2,0,1,1,1
0496f,0496a,2,4,1,0,2,2,1,2,2,3,4,1,0,2,3,1,2,2,1
0496f,0496e,2,4,1,0,2,2,1,2,2,2,1,0,1,2,3,0,2,2,1
1382b,1382a,2,1,1,0,0,2,0,0,2,2,0,1,0,2,2,1,3,2,1
1416b,1416a,2,0,1,0,2,2,1,2,2,1,1,1,3,2,1,0,4,2,1
1416b,1416c,2,0,1,0,2,2,1,2,2,1,4,1,3,2,3,1,4,2,1
0374b,0374c,1,4,1,3,2,2,0,1,2,2,1,1,3,2,2,3,0,2,1
0374b,0374a,1,4,1,3,2,2,0,1,2,2,2,0,0,2,1,3,3,2,1
0544b,0544a,2,1,1,3,2,3,0,0,2,0,1,1,0,2,2,0,1,1,1
0544b,0544c,2,1,1,3,2,3,0,0,2,1,4,1,3,2,2,2,0,1,1
0579a,0579c,1,0,1,3,2,2,0,1,2,2,1,1,0,2,2,1,0,1,1
1320a,1320b,1,1,1,3,2,1,0,3,2,3,1,1,0,2,1,0,0,2,1
1320a,1320c,1,1,1,3,2,1,0,3,2,2,2,1,0,2,2,0,3,2,1
1320b,1320c,3,1,1,0,2,1,0,0,2,2,2,1,0,2,2,0,3,2,1
1334a,1334c,3,1,1,0,2,3,0,2,2,3,4,1,3,2,3,1,2,2,1
1370a,1370b,2,1,1,3,0,2,0,1,2,1,0,1,0,2,2,0,3,2,1
1370a,1370c,2,1,1,3,0,2,0,1,2,3,1,1,1,2,2,1,1,2,1
1370b,1370c,1,0,1,0,2,2,0,3,2,3,1,1,1,2,2,1,1,2,1
1426b,1426c,2,1,1,0,2,1,0,4,2,1,0,1,0,2,3,1,2,2,1
1426b,1426a,2,1,1,0,2,1,0,4,2,2,0,1,1,2,2,1,2,1,1
1463a,1463b,2,1,1,0,2,2,1,1,1,3,1,1,3,2,1,0,1,2,1
1463a,1463c,2,1,1,0,2,2,1,1,1,1,2,1,0,2,2,0,1,2,1
1463b,1463c,3,1,1,3,2,1,0,1,2,1,2,1,0,2,2,0,1,2,1
1468a,1468b,1,1,1,2,2,2,0,0,2,3,1,1,2,2,2,1,3,2,1
1468a,1468c,1,1,1,2,2,2,0,0,2,1,2,1,3,2,2,0,4,2,1
1483a,1483b,2,1,1,3,2,3,0,3,2,3,4,1,0,2,2,0,1,2,1
1483a,1483c,2,1,1,3,2,3,0,3,2,1,1,1,1,0,1,0,1,1,1
1483b,1483c,3,4,1,0,2,2,0,1,2,1,1,1,1,0,1,0,1,1,1
1488a,1488c,1,1,1,0,2,3,0,0,2,3,0,1,0,2,2,0,1,2,1
1488a,1488b,1,1,1,0,2,3,0,0,2,2,2,1,0,0,2,1,1,1,1
1488c,1488b,3,0,1,0,2,2,0,1,2,2,2,1,0,0,2,1,1,1,1
1534c,1534a,3,1,1,0,2,1,0,3,2,2,1,1,1,2,3,1,3,2,1
0491b,0491c,2,1,1,0,2,1,1,0,2,2,2,1,0,2,2,0,4,2,1
0491b,0491a,2,1,1,0,2,1,1,0,2,2,1,1,1,2,1,0,2,1,1
1119a,1119b,1,1,1,0,0,2,0,1,2,1,1,1,3,2,3,0,1,2,1
1119a,1119c,1,1,1,0,0,2,0,1,2,2,1,1,3,2,2,1,2,1,1
1119b,1119c,1,1,1,3,2,3,0,1,2,2,1,1,3,2,2,1,2,1,1
1129c,1129a,1,2,1,3,2,2,0,2,2,3,1,1,0,2,2,3,1,2,1
1129c,1129b,1,2,1,3,2,2,0,2,2,3,1,1,0,2,2,1,4,1,1
1344a,1344b,1,1,1,0,2,3,0,3,2,3,4,1,3,2,2,0,2,2,1
1344a,1344c,1,1,1,0,2,3,0,3,2,3,1,1,3,2,2,1,4,2,1
1344b,1344c,3,4,1,3,2,2,0,2,2,3,1,1,3,2,2,1,4,2,1
1516a,1516b,2,0,1,0,2,2,1,1,2,2,1,1,1,2,1,0,1,2,1
0306a,0306b,3,1,1,2,2,2,0,1,2,2,1,0,2,2,2,0,2,2,1
1309b,1309c,2,2,1,3,2,2,0,0,2,1,1,0,1,0,1,0,2,1,1
1458a,1458b,0,1,1,3,2,2,1,1,2,1,1,1,0,2,2,1,2,1,1
1458a,1458c,0,1,1,3,2,2,1,1,2,1,4,1,3,2,2,0,0,2,1
1458b,1458c,1,1,1,0,2,2,1,2,1,1,4,1,3,2,2,0,0,2,1
0414a,0414b,3,2,1,0,2,2,0,2,2,1,1,1,0,2,1,1,1,2,1
0414a,0414c,3,2,1,0,2,2,0,2,2,0,1,1,0,2,2,1,3,2,1
0414b,0414c,1,1,1,0,2,1,1,1,2,0,1,1,0,2,2,1,3,2,1
0539a,0539b,2,4,1,3,2,2,1,2,2,3,1,1,0,0,2,0,2,2,1
0539a,0539c,2,4,1,3,2,2,1,2,2,2,1,1,0,2,2,3,0,2,1
0539b,0539c,3,1,1,0,0,2,0,2,2,2,1,1,0,2,2,3,0,2,1
0576c,0576b,2,4,1,1,2,2,0,2,2,1,1,1,3,0,2,3,0,2,1
1137b,1137c,3,1,1,3,2,1,0,0,2,2,2,1,3,2,2,0,3,2,1
1164c,1164a,3,1,1,3,2,3,0,2,2,2,1,0,2,2,1,1,1,2,1
1164c,1164b,3,1,1,3,2,3,0,2,2,2,1,1,2,1,2,1,1,2,1
1180a,1180b,2,1,1,2,2,2,1,1,2,1,1,1,0,2,2,1,1,1,1
1180a,1180c,2,1,1,2,2,2,1,1,2,2,4,1,0,2,3,0,3,2,1
1375b,1375c,1,4,1,3,2,2,0,3,2,3,4,1,0,2,2,0,0,2,1
1375b,1375a,1,4,1,3,2,2,0,3,2,1,0,1,1,2,2,0,3,2,1
1375c,1375a,3,4,1,0,2,2,0,0,2,1,0,1,1,2,2,0,3,2,1
0333b,0333c,2,1,1,0,2,3,1,1,2,3,2,1,1,2,1,1,1,2,1
0333b,0333a,2,1,1,0,2,3,1,1,2,2,1,1,3,2,1,2,0,1,1
0381a,0381b,1,0,1,3,2,2,0,3,2,3,1,1,0,2,3,0,4,2,1
0381a,0381c,1,0,1,3,2,2,0,3,2,1,4,1,3,2,3,0,2,2,1
0411c,0411b,2,1,1,3,2,1,0,4,2,1,2,1,1,2,2,0,1,2,1
0411c,0411a,2,1,1,3,2,1,0,4,2,3,1,1,0,2,1,1,4,2,1
1352b,1352c,2,1,1,3,2,2,2,1,2,2,2,1,0,2,2,1,2,2,1
1352b,1352a,2,1,1,3,2,2,2,1,2,2,2,1,1,2,2,1,4,2,1
1352c,1352a,2,2,1,0,2,2,1,2,2,2,2,1,1,2,2,1,4,2,1
1393a,1393b,2,4,1,0,2,2,0,4,2,2,1,1,3,0,2,0,3,2,1
1393a,1393c,2,4,1,0,2,2,0,4,2,1,4,1,0,2,2,1,2,2,1
1393b,1393c,2,1,1,3,0,2,0,3,2,1,4,1,0,2,2,1,2,2,1
1394a,1394c,2,1,1,3,2,2,1,1,1,3,2,1,0,2,2,3,2,1,1
1394a,1394b,2,1,1,3,2,2,1,1,1,3,1,0,1,2,1,1,3,2,1
0351c,0351a,1,0,1,0,2,2,1,2,2,1,2,0,0,2,2,0,3,2,1
0351c,0351b,1,0,1,0,2,2,1,2,2,1,1,1,1,3,2,1,3,2,1
0424a,0424c,1,2,1,3,2,2,0,1,2,2,1,1,0,2,2,3,3,2,1
0496c,0496d,3,4,1,3,2,2,0,1,2,2,1,1,1,2,2,0,1,1,1
0496c,0496a,3,4,1,3,2,2,0,1,2,3,4,1,0,2,3,1,2,2,1
0496c,0496e,3,4,1,3,2,2,0,1,2,2,1,0,1,2,3,0,2,2,1
0496d,0496a,2,1,1,1,2,2,0,1,1,3,4,1,0,2,3,1,2,2,1
0496d,0496e,2,1,1,1,2,2,0,1,1,2,1,0,1,2,3,0,2,2,1
1257b,1257c,3,4,1,0,2,2,0,3,2,0,1,1,3,2,2,0,4,2,1
1257b,1257a,3,4,1,0,2,2,0,3,2,2,1,1,2,2,1,0,3,2,1
1257c,1257a,0,1,1,3,2,2,0,4,2,2,1,1,2,2,1,0,3,2,1
1447a,1447b,2,1,1,3,2,1,1,0,2,1,4,1,0,2,2,2,1,1,1
1447a,1447c,2,1,1,3,2,1,1,0,2,1,1,0,1,2,2,2,2,2,1
0458c,0458b,3,0,1,0,2,2,0,3,2,3,2,1,3,2,2,1,3,2,1
1284b,1284c,1,1,1,3,0,2,0,1,2,3,1,1,0,2,1,1,2,2,1
0477a,0477b,2,1,1,1,2,1,0,0,2,2,1,1,1,2,3,0,2,2,1
1180b,1180c,1,1,1,0,2,2,1,1,1,2,4,1,0,2,3,0,3,2,1
1442a,1442b,3,2,1,0,2,2,0,1,2,2,2,1,3,2,2,1,4,2,1
1442a,1442c,3,2,1,0,2,2,0,1,2,1,1,1,0,0,2,0,2,1,1
1531b,1531c,2,1,1,3,2,1,1,3,2,3,1,1,0,2,3,1,2,2,1
1531b,1531a,2,1,1,3,2,1,1,3,2,2,0,1,0,2,3,0,3,2,1
0536a,0536b,2,1,1,0,2,3,0,4,2,1,0,1,2,2,2,0,3,2,1
0560c,0560a,1,1,1,0,2,1,1,0,2,2,4,1,0,0,2,0,3,2,1
0560c,0560b,1,1,1,0,2,1,1,0,2,0,1,1,0,2,2,1,0,1,1
1153a,1153b,0,1,1,1,2,2,0,0,2,0,4,1,3,2,2,1,2,2,1
1153a,1153c,0,1,1,1,2,2,0,0,2,2,1,1,0,1,2,0,1,2,1
1402a,1402b,2,1,1,1,2,1,0,3,2,1,2,1,3,0,2,1,3,2,1
1417c,1417b,1,1,1,3,2,2,1,2,1,3,4,1,0,2,3,0,3,2,1
1417c,1417a,1,1,1,3,2,2,1,2,1,1,1,0,0,2,3,1,3,2,1
1520a,1520c,3,2,1,3,2,2,0,2,2,2,1,1,3,1,2,0,1,2,1
1521a,1521c,2,2,1,0,2,2,1,1,2,0,1,1,2,2,2,1,0,2,1
1521a,1521b,2,2,1,0,2,2,1,1,2,3,1,1,3,0,2,3,3,2,1
1543b,1543c,2,1,1,2,2,2,1,0,2,1,1,1,1,2,2,0,2,1,1
0597c,0597b,1,4,1,0,2,2,1,1,2,2,4,1,3,2,3,0,3,2,1
0597c,0597a,1,4,1,0,2,2,1,1,2,3,4,2,0,2,3,3,1,1,1
0355c,0355a,1,1,1,1,2,1,0,1,2,3,2,1,3,2,3,0,3,2,1
0355c,0355b,1,1,1,1,2,1,0,1,2,1,4,1,0,0,2,1,1,1,1
0374c,0374a,2,1,1,3,2,2,3,0,2,2,2,0,0,2,1,3,3,2,1
0396c,0396b,3,1,1,0,2,2,3,2,2,2,1,0,1,2,2,1,3,2,1
0550a,0550b,3,4,1,3,2,2,0,0,2,3,0,1,0,2,2,0,4,2,1
0550a,0550c,3,4,1,3,2,2,0,0,2,2,0,1,1,2,2,0,4,2,1
1366a,1366b,3,1,1,0,2,1,1,1,2,2,2,1,3,2,2,1,2,2,1
1366a,1366c,3,1,1,0,2,1,1,1,2,0,1,1,0,2,2,1,1,1,1
1366b,1366c,2,2,1,3,2,2,1,2,2,0,1,1,0,2,2,1,1,1,1
1413a,1413b,2,1,1,1,2,3,0,1,2,0,1,1,0,2,1,0,2,2,1
1413a,1413c,2,1,1,1,2,3,0,1,2,1,4,1,3,2,2,1,2,2,1
1413b,1413c,0,1,1,0,2,1,0,2,2,1,4,1,3,2,2,1,2,2,1
0307a,0307b,2,0,1,3,2,2,0,4,2,3,0,1,0,2,2,1,2,2,1
0307a,0307c,2,0,1,3,2,2,0,4,2,1,1,1,1,2,2,2,3,2,1
0363c,0363b,1,1,1,0,2,2,3,0,2,1,1,1,1,2,1,0,1,1,1
0363c,0363a,1,1,1,0,2,2,3,0,2,0,0,1,1,2,2,1,1,2,1
1176b,1176a,1,4,1,1,2,2,0,2,2,2,0,2,4,2,2,1,3,2,1
1255a,1255b,1,1,1,0,2,2,1,0,1,1,1,1,1,2,2,1,4,2,1
1255a,1255c,1,1,1,0,2,2,1,0,1,2,1,1,0,1,2,0,2,2,1
1255b,1255c,1,1,1,1,2,2,1,4,2,2,1,1,0,1,2,0,2,2,1
1234a,1234b,3,4,1,3,2,2,0,3,2,3,0,1,1,2,3,0,4,2,1
1234a,1234c,3,4,1,3,2,2,0,3,2,2,1,0,2,2,3,0,2,2,1
1236a,1236c,3,0,1,3,2,2,0,3,2,1,1,1,1,2,3,0,1,2,1
1236a,1236b,3,0,1,3,2,2,0,3,2,3,4,1,0,2,2,1,0,2,1
1149a,1149b,1,1,1,0,2,3,1,1,2,2,4,1,3,2,2,1,0,2,1
1149a,1149c,1,1,1,0,2,3,1,1,2,1,1,1,3,2,1,3,3,2,1
1149b,1149c,2,4,1,3,2,2,1,0,2,1,1,1,3,2,1,3,3,2,1
1416a,1416c,1,1,1,3,2,1,0,4,2,1,4,1,3,2,3,1,4,2,1
0491c,0491a,2,2,1,0,2,2,0,4,2,2,1,1,1,2,1,0,2,1,1
1134a,1134b,2,0,1,3,2,2,1,0,2,3,4,1,1,2,2,0,2,2,1
1134a,1134c,2,0,1,3,2,2,1,0,2,2,1,1,0,2,2,3,4,2,1
1144b,1144c,1,2,1,0,2,2,1,2,2,1,1,1,2,2,1,0,0,2,1
1424a,1424b,3,4,1,0,2,2,1,2,2,3,1,1,0,0,2,0,0,2,1
1424a,1424c,3,4,1,0,2,2,1,2,2,1,1,1,3,2,2,1,1,1,1
1424b,1424c,3,1,1,0,0,2,0,0,2,1,1,1,3,2,2,1,1,1,1
1471b,1471c,1,0,1,0,2,2,0,4,2,1,1,1,0,0,1,1,1,2,1
0307b,0307c,3,0,1,0,2,2,1,2,2,1,1,1,1,2,2,2,3,2,1
0569c,0569a,1,1,1,0,2,2,3,3,2,1,1,0,2,2,3,0,3,2,1
0569c,0569b,1,1,1,0,2,2,3,3,2,0,0,1,2,2,1,1,1,2,1
0472a,0472c,3,1,1,3,2,3,0,0,2,2,1,1,1,2,2,3,2,2,1
1268a,1268b,2,1,1,0,0,2,0,4,2,1,1,1,0,2,2,1,3,1,1
1268a,1268c,2,1,1,0,0,2,0,4,2,2,1,1,3,2,3,0,4,2,1
1268b,1268c,1,1,1,0,2,2,1,3,1,2,1,1,3,2,3,0,4,2,1
1433a,1433b,2,2,1,0,2,2,1,0,2,3,1,1,3,0,2,0,1,2,1
1433a,1433c,2,2,1,0,2,2,1,0,2,1,4,1,0,2,2,1,0,2,1
1433b,1433c,3,1,1,3,0,2,0,1,2,1,4,1,0,2,2,1,0,2,1
1129a,1129b,3,1,1,0,2,2,3,1,2,3,1,1,0,2,2,1,4,1,1
1131a,1131b,1,1,1,1,2,1,0,0,2,2,0,1,1,2,2,0,3,2,1
1252a,1252b,3,1,1,3,2,3,0,3,2,2,2,1,3,2,2,1,1,2,1
1252a,1252c,3,1,1,3,2,3,0,3,2,1,2,1,0,2,2,1,1,1,1
1252b,1252c,2,2,1,3,2,2,1,1,2,1,2,1,0,2,2,1,1,1,1
1329a,1329b,1,1,1,3,2,1,1,3,2,1,1,1,3,2,2,3,0,2,1
1329a,1329c,1,1,1,3,2,1,1,3,2,0,1,1,0,2,2,3,0,2,1
1364c,1364a,2,2,1,0,2,2,1,3,2,2,1,1,2,0,2,0,3,2,1
1531c,1531a,3,1,1,0,2,3,1,2,2,2,0,1,0,2,3,0,3,2,1
1494a,1494b,1,0,1,1,2,2,0,1,2,2,1,1,0,2,1,1,4,2,1
1494a,1494c,1,0,1,1,2,2,0,1,2,3,4,1,3,2,3,3,3,2,1
1494b,1494c,2,1,1,0,2,1,1,4,2,3,4,1,3,2,3,3,3,2,1
1498a,1498b,0,1,1,1,2,2,1,2,2,2,1,1,1,0,2,0,1,2,1
0335a,0335b,1,1,1,2,2,2,1,0,2,3,4,1,0,2,2,1,1,2,1
0335a,0335c,1,1,1,2,2,2,1,0,2,3,1,1,0,2,1,1,3,2,1
0335b,0335c,3,4,1,0,2,2,1,1,2,3,1,1,0,2,1,1,3,2,1
0349a,0349b,3,1,1,1,2,1,0,1,2,0,1,1,3,2,2,3,1,2,1
0314b,0314c,0,0,1,0,2,2,0,2,2,1,1,1,3,2,0,0,0,2,1
0314b,0314a,0,0,1,0,2,2,0,2,2,1,1,1,0,2,1,2,1,1,1
1152b,1152a,2,1,1,1,2,3,0,3,2,3,4,0,2,2,1,0,2,2,1
1152b,1152c,2,1,1,1,2,3,0,3,2,0,0,1,1,2,1,1,1,1,1
1329b,1329c,1,1,1,3,2,2,3,0,2,0,1,1,0,2,2,3,0,2,1
1330a,1330b,3,2,1,3,2,2,0,0,2,2,2,1,3,2,2,0,4,2,1
1330a,1330c,3,2,1,3,2,2,0,0,2,1,1,1,2,2,2,1,3,2,1
1330b,1330c,2,2,1,3,2,2,0,4,2,1,1,1,2,2,2,1,3,2,1
1451a,1451c,1,4,1,3,2,2,0,4,2,0,0,1,0,2,2,0,0,2,1
1451a,1451b,1,4,1,3,2,2,0,4,2,3,1,1,3,2,3,3,3,2,1
1236c,1236b,1,1,1,1,2,3,0,1,2,3,4,1,0,2,2,1,0,2,1
0461a,0461b,3,1,1,3,0,2,0,0,2,2,1,1,0,2,2,2,0,1,1
1361b,1361a,1,0,1,3,2,2,0,4,2,1,4,1,0,0,2,3,3,2,1
0432a,0432c,3,0,1,3,2,2,1,2,2,3,1,1,0,2,2,2,0,2,1
0544a,0544c,0,1,1,0,2,2,0,1,1,1,4,1,3,2,2,2,0,1,1
0592b,0592c,1,2,1,1,2,2,0,2,2,1,2,1,1,2,3,0,3,2,1
0593a,0593b,3,1,1,0,2,2,3,0,2,3,4,1,0,2,2,3,3,2,1
0593a,0593c,3,1,1,0,2,2,3,0,2,1,1,1,1,2,3,0,0,1,1
1134b,1134c,3,4,1,1,2,2,0,2,2,2,1,1,0,2,2,3,4,2,1
1432a,1432b,2,4,1,0,2,1,0,1,2,3,1,1,0,1,2,1,4,2,1
0537a,0537b,3,1,1,3,2,2,2,1,2,2,1,0,3,0,2,1,4,2,1
0537a,0537c,3,1,1,3,2,2,2,1,2,2,2,1,3,2,2,2,0,1,1
1303c,1303a,3,4,1,0,2,2,0,4,2,3,4,1,0,0,2,0,4,2,1
1303c,1303b,3,4,1,0,2,2,0,4,2,3,1,0,2,2,2,0,3,2,1
0550b,0550c,3,0,1,0,2,2,0,4,2,2,0,1,1,2,2,0,4,2,1
1460a,1460b,2,1,1,1,0,2,0,0,2,2,2,1,3,2,2,1,3,2,1
1231a,1231b,1,2,1,0,2,2,1,0,2,0,0,1,0,2,2,0,1,2,1
1231a,1231c,1,2,1,0,2,2,1,0,2,1,4,1,3,2,2,1,3,2,1
1231b,1231c,0,0,1,0,2,2,0,1,2,1,4,1,3,2,2,1,3,2,1
0350b,0350c,2,1,1,3,2,1,1,4,2,2,0,1,0,1,1,0,2,2,1
0350b,0350a,2,1,1,3,2,1,1,4,2,3,2,1,0,1,2,1,3,2,1
1219a,1219b,3,1,1,1,2,1,0,0,2,2,0,1,0,2,1,0,3,2,1
1219a,1219c,3,1,1,1,2,1,0,0,2,2,4,0,1,2,3,0,1,2,1
0531a,0531b,2,2,1,1,2,2,0,3,2,2,0,1,3,2,1,0,2,2,1
0531a,0531c,2,2,1,1,2,2,0,3,2,1,4,1,1,2,2,0,3,2,1
0531b,0531c,2,0,1,3,2,1,0,2,2,1,4,1,1,2,2,0,3,2,1
1448a,1448b,2,1,1,0,2,1,0,0,1,1,2,1,3,2,2,1,1,2,1
1448a,1448c,2,1,1,0,2,1,0,0,1,3,4,1,3,2,2,1,1,2,1
1448b,1448c,1,2,1,3,2,2,1,1,2,3,4,1,3,2,2,1,1,2,1
1554a,1554b,2,1,1,2,2,1,0,1,2,2,1,1,1,2,2,1,1,1,1
1554a,1554c,2,1,1,2,2,1,0,1,2,3,0,1,3,2,2,1,1,2,1
1554b,1554c,2,1,1,1,2,2,1,1,1,3,0,1,3,2,2,1,1,2,1
0381b,0381c,3,1,1,0,2,3,0,4,2,1,4,1,3,2,3,0,2,2,1
0411b,0411a,1,2,1,1,2,2,0,1,2,3,1,1,0,2,1,1,4,2,1
0562a,0562c,0,1,1,3,2,2,1,4,2,3,0,1,3,2,1,0,2,2,1
0570c,0570a,3,4,1,1,2,2,0,1,2,2,1,0,3,0,2,1,3,2,1
0577b,0577c,2,1,0,3,2,2,1,2,2,1,1,1,1,2,3,0,0,2,1
1181a,1181b,1,0,1,0,2,1,0,2,2,2,1,0,2,2,1,1,0,2,1
1181a,1181c,1,0,1,0,2,1,0,2,2,2,2,1,0,0,3,0,4,2,1
1260a,1260b,0,1,1,1,2,2,0,4,2,2,1,1,1,2,1,1,0,2,1
1260a,1260c,0,1,1,1,2,2,0,4,2,3,2,1,0,2,2,1,1,2,1
1260b,1260c,2,1,1,1,2,1,1,0,2,3,2,1,0,2,2,1,1,2,1
1341a,1341b,0,2,1,0,2,2,0,2,2,2,4,1,0,2,3,0,2,2,1
1341a,1341c,0,2,1,0,2,2,0,2,2,2,1,1,2,2,2,1,4,2,1
1341b,1341c,2,4,1,0,2,3,0,2,2,2,1,1,2,2,2,1,4,2,1
1343a,1343b,2,0,1,0,2,1,0,0,2,2,1,1,0,2,3,1,4,2,1
1343a,1343c,2,0,1,0,2,1,0,0,2,0,0,1,1,2,1,0,1,1,1
1343b,1343c,2,1,1,0,2,3,1,4,2,0,0,1,1,2,1,0,1,1,1
1475a,1475b,1,1,0,0,2,2,1,2,2,3,1,0,3,2,2,0,3,2,1
1475a,1475c,1,1,0,0,2,2,1,2,2,3,1,1,3,0,1,3,4,2,1
1476a,1476c,1,1,1,0,2,1,0,1,1,1,2,1,3,0,2,1,1,1,1
0316b,0316a,2,1,1,3,2,2,2,4,2,2,1,2,3,2,3,1,2,2,1
1411a,1411b,2,0,1,1,2,2,1,1,2,3,1,1,3,2,3,1,1,2,1
1411a,1411c,2,0,1,1,2,2,1,1,2,0,1,1,3,2,3,0,2,2,1
1411b,1411c,3,1,1,3,2,3,1,1,2,0,1,1,3,2,3,0,2,2,1
1468b,1468c,3,1,1,2,2,2,1,3,2,1,2,1,3,2,2,0,4,2,1
0375a,0375c,3,0,1,3,2,2,0,4,2,2,4,1,4,2,2,2,1,1,1
0375a,0375b,3,0,1,3,2,2,0,4,2,1,3,0,1,0,2,0,2,1,1
1451c,1451b,0,0,1,0,2,2,0,0,2,3,1,1,3,2,3,3,3,2,1
0489c,0489b,1,1,1,1,2,2,1,2,1,1,0,1,0,2,3,3,4,2,1
0489c,0489a,1,1,1,1,2,2,1,2,1,1,4,2,0,2,3,1,2,2,1
1219b,1219c,2,0,1,0,2,1,0,3,2,2,4,0,1,2,3,0,1,2,1
1090c,1090a,0,0,1,3,2,2,0,1,2,2,0,1,1,2,1,0,1,1,1
1237a,1237b,2,1,0,1,2,2,0,1,2,3,0,1,1,2,2,0,0,2,1
1237a,1237c,2,1,0,1,2,2,0,1,2,2,1,0,2,2,2,0,1,2,1
1237b,1237c,3,0,1,1,2,2,0,0,2,2,1,0,2,2,2,0,1,2,1
1365c,1365a,2,2,1,1,2,2,1,2,2,3,4,1,3,2,1,0,3,2,1
1365c,1365b,2,2,1,1,2,2,1,2,2,0,4,1,3,2,2,1,0,2,1
0365a,0365b,0,2,1,0,2,2,0,1,2,2,1,1,3,0,2,0,2,1,1
0365a,0365c,0,2,1,0,2,2,0,1,2,0,4,0,3,0,1,1,2,1,1
1336a,1336b,0,1,1,2,2,2,0,0,2,3,1,1,3,2,3,0,4,2,1
1336a,1336c,0,1,1,2,2,2,0,0,2,0,1,1,0,2,3,0,0,2,1
1336b,1336c,3,1,1,3,2,3,0,4,2,0,1,1,0,2,3,0,0,2,1
0336a,0336c,1,2,1,3,2,2,1,3,2,3,2,1,2,2,2,0,1,1,1
0338a,0338c,2,4,1,0,2,3,0,1,2,0,1,1,3,2,2,1,2,1,1
0301a,0301b,1,0,1,0,2,2,1,4,2,1,1,1,2,2,3,0,0,2,1
0301a,0301c,1,0,1,0,2,2,1,4,2,3,1,1,4,0,2,0,1,2,1
1441a,1441b,1,1,1,1,2,2,2,1,2,2,0,1,0,0,2,0,2,2,1
1441a,1441c,1,1,1,1,2,2,2,1,2,1,1,1,1,2,2,1,1,1,1
1441b,1441c,2,0,1,0,0,2,0,2,2,1,1,1,1,2,2,1,1,1,1
1444a,1444b,0,1,1,0,2,3,0,3,2,1,0,1,1,2,2,0,0,1,1
1513b,1513a,2,0,1,3,2,3,0,2,2,2,0,1,3,2,3,0,3,2,1
1513b,1513c,2,0,1,3,2,3,0,2,2,1,1,1,0,1,2,1,1,2,1
0372a,0372b,1,1,1,3,2,1,0,1,1,1,1,1,3,1,2,1,2,2,1
1267c,1267a,1,0,1,0,2,2,0,1,1,2,1,1,0,2,2,2,2,1,1
1267c,1267b,1,0,1,0,2,2,0,1,1,2,2,1,2,2,2,0,1,2,1
1475b,1475c,3,1,0,3,2,2,0,3,2,3,1,1,3,0,1,3,4,2,1
1222c,1222a,0,1,1,0,2,2,1,2,1,2,1,0,2,2,1,0,3,2,1
1429b,1429c,2,1,1,0,0,2,0,1,1,0,0,1,3,2,2,0,0,2,1
1429b,1429a,2,1,1,0,0,2,0,1,1,1,2,1,2,2,2,1,0,1,1
1429c,1429a,0,0,1,3,2,2,0,0,2,1,2,1,2,2,2,1,0,1,1
1461b,1461c,2,2,1,0,2,1,0,0,2,2,4,1,3,2,1,0,3,2,1
1461b,1461a,2,2,1,0,2,1,0,0,2,1,0,1,1,2,0,0,1,2,1
1461c,1461a,2,4,1,3,2,1,0,3,2,1,0,1,1,2,0,0,1,2,1
0896a,0896c,3,1,1,1,2,3,0,3,2,1,1,1,0,2,3,1,4,2,1
0318c,0318b,3,2,1,3,2,2,0,4,2,1,2,1,0,0,2,0,0,2,1
0365b,0365c,2,1,1,3,0,2,0,2,1,0,4,0,3,0,1,1,2,1,1
0334a,0334b,2,0,1,0,2,3,0,0,2,2,0,1,0,2,2,3,1,2,1
0334a,0334c,2,0,1,0,2,3,0,0,2,1,4,1,3,0,2,0,0,2,1
1267a,1267b,2,1,1,0,2,2,2,2,1,2,2,1,2,2,2,0,1,2,1
0571a,0571c,2,4,1,3,2,3,0,1,2,1,0,1,1,0,1,0,1,1,1
1442b,1442c,2,2,1,3,2,2,1,4,2,1,1,1,0,0,2,0,2,1,1
0321a,0321b,2,1,1,3,2,1,1,2,1,3,2,1,3,2,2,1,4,2,1
1165b,1165c,0,1,1,2,2,2,1,2,2,3,0,2,4,0,2,3,2,2,1
0483a,0483b,2,2,1,3,2,2,0,1,1,1,1,1,0,0,3,1,2,1,1
1391b,1391a,3,4,1,0,2,2,1,4,2,3,4,1,3,2,3,0,3,2,1
0532b,0532c,2,1,1,3,0,2,0,1,1,2,2,1,3,2,3,0,2,2,1
1484b,1484c,1,1,1,0,2,1,1,2,1,1,1,1,0,0,1,2,2,1,1
0429b,0429a,1,1,1,3,2,3,1,4,2,2,0,1,3,2,3,0,4,2,1
0510c,0510b,3,1,1,1,2,1,1,0,2,0,1,1,3,0,3,3,3,1,1
1174a,1174b,1,1,1,1,2,3,0,4,2,2,0,1,3,3,2,1,4,2,1
1547a,1547b,2,4,1,1,2,1,0,2,2,2,0,1,1,2,1,0,2,2,1
1547a,1547c,2,4,1,1,2,1,0,2,2,2,0,1,3,2,3,0,0,2,1
1547b,1547c,2,0,1,1,2,1,0,2,2,2,0,1,3,2,3,0,0,2,1
0337a,0337b,2,1,1,3,2,2,3,2,1,3,4,1,3,2,2,3,4,2,1
0337a,0337c,2,1,1,3,2,2,3,2,1,3,4,1,1,2,1,1,3,2,1
0354b,0354a,3,1,1,0,2,3,1,4,2,2,1,1,4,2,1,0,4,2,1
0354b,0354c,3,1,1,0,2,3,1,4,2,1,0,0,1,0,1,3,2,2,1
1153b,1153c,0,4,1,3,2,2,1,2,2,2,1,1,0,1,2,0,1,2,1
1552a,1552b,3,0,1,1,2,2,1,1,2,2,1,1,3,2,1,1,1,1,1
1552a,1552c,3,0,1,1,2,2,1,1,2,3,1,1,1,2,1,1,3,2,1
1552b,1552c,2,1,1,3,2,1,1,1,1,3,1,1,1,2,1,1,3,2,1
1039c,1039a,2,4,1,0,2,2,3,1,2,3,1,0,0,0,3,1,0,2,1
0560a,0560b,2,4,1,0,0,2,0,3,2,0,1,1,0,2,2,1,0,1,1
0334b,0334c,2,0,1,0,2,2,3,1,2,1,4,1,3,0,2,0,0,2,1
0597b,0597a,2,4,1,3,2,3,0,3,2,3,4,2,0,2,3,3,1,1,1
1513a,1513c,2,0,1,3,2,3,0,3,2,1,1,1,0,1,2,1,1,2,1
1374b,1374c,1,1,1,0,2,2,2,2,1,3,0,1,0,2,1,0,3,2,1
1374b,1374a,1,1,1,0,2,2,2,2,1,3,2,0,2,2,3,0,4,2,1
1374c,1374a,3,0,1,0,2,1,0,3,2,3,2,0,2,2,3,0,4,2,1
0313c,0313b,0,1,1,3,2,2,1,1,1,2,1,0,2,2,2,0,0,2,1
0319a,0319c,2,4,1,0,2,3,1,2,2,2,0,0,0,2,2,0,2,2,1
0319a,0319b,2,4,1,0,2,3,1,2,2,1,1,1,1,2,3,0,2,1,1
0319c,0319b,2,0,0,0,2,2,0,2,2,1,1,1,1,2,3,0,2,1,1
0353a,0353b,2,1,1,3,1,2,0,2,2,2,1,1,1,2,1,1,2,1,1
0353a,0353c,2,1,1,3,1,2,0,2,2,1,2,1,1,2,3,0,1,2,1
1201a,1201b,0,1,1,0,2,2,2,3,2,2,0,1,0,2,3,0,4,2,1
1551a,1551b,0,1,1,0,2,2,3,3,2,1,1,1,0,2,1,1,1,1,1
1551a,1551c,0,1,1,0,2,2,3,3,2,2,4,1,3,2,2,3,2,2,1
1551b,1551c,1,1,1,0,2,1,1,1,1,2,4,1,3,2,2,3,2,2,1
0456b,0456c,0,1,1,1,2,2,0,1,1,2,2,1,0,2,3,0,3,2,1
0456b,0456a,0,1,1,1,2,2,0,1,1,2,1,0,2,2,2,0,3,2,1
0456c,0456a,2,2,1,0,2,3,0,3,2,2,1,0,2,2,2,0,3,2,1
1123c,1123b,3,4,1,3,2,2,1,4,2,0,2,1,0,2,2,1,1,2,1
1123c,1123a,3,4,1,3,2,2,1,4,2,2,1,2,1,0,1,1,2,1,1
1146a,1146b,0,4,1,0,2,2,1,0,2,2,0,1,3,2,1,1,1,2,1
1146a,1146c,0,4,1,0,2,2,1,0,2,3,0,1,3,2,2,1,4,2,1
1146b,1146c,2,0,1,3,2,1,1,1,2,3,0,1,3,2,2,1,4,2,1
1204a,1204b,0,0,1,0,2,2,1,0,2,2,1,1,3,1,3,0,4,2,1
0492a,0492b,3,4,1,1,2,2,0,4,2,2,0,1,0,2,1,1,3,2,1
0492a,0492c,3,4,1,1,2,2,0,4,2,2,0,1,1,2,1,0,1,2,1
0492b,0492c,2,0,1,0,2,1,1,3,2,2,0,1,1,2,1,0,1,2,1
0555b,0555c,1,1,1,0,1,2,0,2,2,3,0,1,1,2,2,0,4,2,1
0555b,0555a,1,1,1,0,1,2,0,2,2,1,4,0,2,0,2,3,4,1,1
0555c,0555a,3,0,1,1,2,2,0,4,2,1,4,0,2,0,2,3,4,1,1
1335b,1335c,2,2,1,0,2,2,3,2,2,2,1,1,3,2,2,2,1,1,1
0301b,0301c,1,1,1,2,2,3,0,0,2,3,1,1,4,0,2,0,1,2,1
0594a,0594b,3,2,1,0,2,2,1,4,2,0,0,0,3,2,0,0,3,2,1
0594a,0594c,3,2,1,0,2,2,1,4,2,0,4,2,4,2,2,0,3,2,1
1497a,1497b,0,4,1,0,2,2,1,3,2,2,1,1,0,0,2,1,2,1,1
1497a,1497c,0,4,1,0,2,2,1,3,2,2,0,1,3,2,2,3,4,2,1
1497b,1497c,2,1,1,0,0,2,1,2,1,2,0,1,3,2,2,3,4,2,1
0373a,0373b,3,0,1,0,0,2,0,2,2,2,1,1,1,2,1,0,0,1,1
0373a,0373c,3,0,1,0,0,2,0,2,2,3,0,1,3,2,3,1,4,2,1
1091b,1091c,1,1,1,0,2,2,2,1,1,2,4,0,2,2,2,0,2,2,1
1091b,1091a,1,1,1,0,2,2,2,1,1,3,1,2,4,2,2,3,4,2,1
1123b,1123a,0,2,1,0,2,2,1,1,2,2,1,2,1,0,1,1,2,1,1
1521c,1521b,0,1,1,2,2,2,1,0,2,3,1,1,3,0,2,3,3,2,1
0373b,0373c,2,1,1,1,2,1,0,0,1,3,0,1,3,2,3,1,4,2,1
1431c,1431a,3,1,1,3,2,3,1,4,2,3,1,1,3,2,1,3,0,2,1
1493a,1493b,2,1,1,0,1,2,0,3,2,2,4,1,0,2,2,3,3,2,1
1508b,1508a,1,1,1,0,2,1,1,0,1,2,4,1,0,2,2,3,4,2,1
1508b,1508c,1,1,1,0,2,1,1,0,1,1,4,1,1,0,2,0,0,2,1
0431c,0431b,2,0,1,0,2,2,2,3,2,3,0,2,1,2,3,0,2,2,1
0431c,0431a,2,0,1,0,2,2,2,3,2,3,2,1,3,1,2,3,2,2,1
1365a,1365b,3,4,1,3,2,1,0,3,2,0,4,1,3,2,2,1,0,2,1
0538a,0538b,2,1,0,3,2,2,1,4,2,1,1,1,3,2,1,2,1,2,1
0538a,0538c,2,1,0,3,2,2,1,4,2,2,2,1,0,2,2,2,1,2,1
0538b,0538c,1,1,1,3,2,1,2,1,2,2,2,1,0,2,2,2,1,2,1
0445a,0445b,2,2,1,0,0,2,0,3,2,1,1,1,3,2,1,1,1,1,1
0445a,0445c,2,2,1,0,0,2,0,3,2,2,4,1,3,0,2,0,4,2,1
0445b,0445c,1,1,1,3,2,1,1,1,1,2,4,1,3,0,2,0,4,2,1
1440c,1440b,2,4,1,1,2,3,0,2,2,0,4,0,2,0,2,0,4,1,1
1450b,1450a,2,2,1,3,2,3,0,3,2,3,1,1,3,2,2,2,1,1,1
1450b,1450c,2,2,1,3,2,3,0,3,2,3,0,1,1,2,1,1,3,2,1
0363b,0363a,1,1,1,1,2,1,0,1,1,0,0,1,1,2,2,1,1,2,1
1171b,1171a,2,4,1,3,2,1,1,3,2,1,2,1,3,2,3,0,0,2,1
1426c,1426a,1,0,1,0,2,3,1,2,2,2,0,1,1,2,2,1,2,1,1
1430a,1430b,2,1,1,0,2,3,3,3,2,1,1,1,1,1,2,0,3,2,1
1430a,1430c,2,1,1,0,2,3,3,3,2,0,0,1,3,2,3,0,3,2,1
1504c,1504b,0,1,1,0,2,1,0,2,1,3,1,1,3,1,2,0,4,2,1
1504c,1504a,0,1,1,0,2,1,0,2,1,1,0,1,1,2,1,3,0,2,1
1417b,1417a,3,4,1,0,2,3,0,3,2,1,1,0,0,2,3,1,3,2,1
0451b,0451c,2,1,1,3,0,2,1,2,1,1,0,1,1,2,2,0,2,1,1
1485a,1485b,3,4,1,0,2,2,2,2,2,0,1,1,3,2,1,1,2,1,1
1485a,1485c,3,4,1,0,2,2,2,2,2,3,4,1,3,2,3,1,3,2,1
1328a,1328b,3,1,1,2,2,3,0,0,2,1,2,1,0,2,2,3,2,2,1
1328a,1328c,3,1,1,2,2,3,0,0,2,1,1,1,3,2,2,2,1,1,1
1328b,1328c,1,2,1,0,2,2,3,2,2,1,1,1,3,2,2,2,1,1,1
1465a,1465b,3,4,1,0,2,2,3,2,2,0,1,1,1,2,1,1,2,2,1
1465a,1465c,3,4,1,0,2,2,3,2,2,1,2,0,2,2,2,0,2,2,1
1465b,1465c,0,1,1,1,2,1,1,2,2,1,2,0,2,2,2,0,2,2,1
1253a,1253b,3,0,1,0,2,2,3,2,2,0,1,1,1,2,1,1,1,1,1
1253a,1253c,3,0,1,0,2,2,3,2,2,2,0,0,2,2,2,0,0,2,1
1495a,1495b,2,1,0,3,2,1,0,3,2,1,1,1,2,2,1,1,0,2,1
1495a,1495c,2,1,0,3,2,1,0,3,2,1,1,1,0,0,2,1,2,1,1
1495b,1495c,1,1,1,2,2,1,1,0,2,1,1,1,0,0,2,1,2,1,1
0551c,0551a,3,2,1,0,0,2,0,2,2,2,1,1,1,2,0,1,3,2,1
1538a,1538c,1,1,1,3,2,3,1,2,1,0,2,1,0,2,1,1,0,2,1
1538a,1538b,1,1,1,3,2,3,1,2,1,2,2,1,3,0,2,0,1,1,1
0353b,0353c,2,1,1,1,2,1,1,2,1,1,2,1,1,2,3,0,1,2,1
0380a,0380b,1,4,1,3,2,2,3,1,2,1,3,2,3,3,2,0,2,2,1
1240a,1240b,1,0,1,3,2,2,3,1,2,1,1,1,1,0,1,0,3,2,1
1240a,1240c,1,0,1,3,2,2,3,1,2,2,1,0,0,2,3,1,1,2,1
1350a,1350c,3,1,1,0,2,3,1,2,1,1,4,1,3,0,1,2,1,1,1
1421a,1421b,1,0,1,0,2,2,3,3,2,3,1,1,3,2,2,2,2,1,1
1325a,1325b,3,1,1,0,1,2,0,1,2,0,1,1,1,2,2,1,2,1,1
1325a,1325c,3,1,1,0,1,2,0,1,2,1,4,1,3,2,3,1,2,2,1
1325b,1325c,0,1,1,1,2,2,1,2,1,1,4,1,3,2,3,1,2,2,1
0440c,0440b,3,4,1,0,2,1,0,4,2,2,1,1,2,0,2,1,0,1,1
0440c,0440a,3,4,1,0,2,1,0,4,2,2,0,0,2,2,2,0,4,2,1
0587a,0587b,1,1,1,2,2,2,2,0,2,0,1,1,0,2,1,1,0,1,1
0587a,0587c,1,1,1,2,2,2,2,0,2,1,4,0,3,2,3,1,3,2,1
1221a,1221c,3,4,1,0,2,2,2,1,2,2,1,1,0,2,0,0,3,2,1
0348a,0348b,3,0,1,0,2,1,0,4,2,1,1,1,1,0,1,0,2,1,1
0348a,0348c,3,0,1,0,2,1,0,4,2,3,1,0,2,2,2,3,3,2,1
0474b,0474c,2,1,1,3,2,3,3,3,2,3,4,1,0,2,2,3,1,2,1
1405b,1405c,1,1,1,0,0,2,1,1,1,2,3,1,0,2,2,0,1,2,1
0496a,0496e,3,4,1,0,2,3,1,2,2,2,1,0,1,2,3,0,2,2,1
1409b,1409a,1,1,1,3,2,3,3,1,2,3,4,1,3,0,2,0,4,2,1
1409b,1409c,1,1,1,3,2,3,3,1,2,0,2,1,0,0,2,1,2,1,1
1533b,1533c,1,0,1,0,2,3,0,4,2,1,2,1,3,2,1,0,1,1,1
1533b,1533a,1,0,1,0,2,3,0,4,2,3,3,0,3,2,2,0,3,2,1
0340a,0340b,3,0,1,0,2,3,1,2,2,1,4,1,1,2,1,0,3,2,1
0340a,0340c,3,0,1,0,2,3,1,2,2,1,0,1,1,2,1,0,3,2,1
0340b,0340c,1,4,1,1,2,1,0,3,2,1,0,1,1,2,1,0,3,2,1
0413a,0413b,1,1,1,1,2,3,0,1,1,1,1,1,3,0,1,2,2,1,1
1368b,1368c,3,1,1,1,2,2,3,4,2,2,1,1,3,0,1,2,0,1,1
0507a,0507b,1,1,1,3,0,2,1,2,1,0,1,1,3,2,1,1,4,2,1
0507a,0507c,1,1,1,3,0,2,1,2,1,3,4,1,1,2,1,0,1,2,1
0507b,0507c,0,1,1,3,2,1,1,4,2,3,4,1,1,2,1,0,1,2,1
1546b,1546c,3,1,1,0,0,3,0,3,2,3,0,1,0,2,1,1,3,2,1
1546b,1546a,3,1,1,0,0,3,0,3,2,1,1,0,3,2,1,1,2,1,1
1546c,1546a,3,0,1,0,2,1,1,3,2,1,1,0,3,2,1,1,2,1,1
0563a,0563c,1,1,1,1,0,2,0,2,1,1,4,1,1,0,3,0,2,2,1
1450a,1450c,3,1,1,3,2,2,2,1,1,3,0,1,1,2,1,1,3,2,1
1360a,1360c,3,1,0,2,2,2,0,2,2,0,1,1,2,1,2,1,1,1,1
0923a,0923c,2,1,1,1,1,2,0,2,2,1,1,1,2,2,3,0,4,2,1
0403c,0403a,1,0,0,0,2,2,0,3,2,2,0,2,1,0,1,0,1,1,1
0471a,0471b,1,4,1,1,2,3,0,1,2,0,0,1,0,1,2,0,2,2,1
0471a,0471c,1,4,1,1,2,3,0,1,2,0,0,1,3,2,1,1,2,1,1
1367a,1367b,2,0,1,1,2,2,3,2,2,1,1,0,1,2,1,0,3,2,1
1367a,1367c,2,0,1,1,2,2,3,2,2,1,1,1,3,2,0,0,3,2,1
1099a,1099c,2,1,1,3,0,2,2,3,2,2,4,0,2,2,2,0,3,2,1
1508a,1508c,2,4,1,0,2,2,3,4,2,1,4,1,1,0,2,0,0,2,1
1319a,1319b,2,0,1,0,2,2,3,4,2,2,4,2,3,2,2,2,1,2,1
1319a,1319c,2,0,1,0,2,2,3,4,2,1,0,1,0,2,0,1,4,2,1
0327c,0327b,1,1,1,1,2,1,1,2,1,0,1,1,1,1,2,0,3,2,1
0327c,0327a,1,1,1,1,2,1,1,2,1,3,1,1,1,2,0,0,4,2,1
1178a,1178b,3,4,1,3,0,2,0,3,2,3,0,1,3,2,2,3,1,2,1
1178a,1178c,3,4,1,3,0,2,0,3,2,2,4,1,3,0,2,1,0,2,1
1178b,1178c,3,0,1,3,2,2,3,1,2,2,4,1,3,0,2,1,0,2,1
0593b,0593c,3,4,1,0,2,2,3,3,2,1,1,1,1,2,3,0,0,1,1
0457a,0457c,2,3,1,3,2,2,0,1,2,0,2,1,0,0,2,0,3,2,1
0457a,0457b,2,3,1,3,2,2,0,1,2,1,4,0,1,0,2,0,1,1,1
0421b,0421c,2,0,1,1,0,2,0,0,2,1,0,1,1,2,2,1,1,1,1
0421b,0421a,2,0,1,1,0,2,0,0,2,3,2,1,3,2,3,3,3,2,1
0521a,0521b,2,1,1,1,2,1,3,0,2,1,1,1,0,1,1,0,0,2,1
0521a,0521c,2,1,1,1,2,1,3,0,2,3,1,2,1,0,2,1,3,2,1
1477a,1477b,3,0,1,3,2,1,1,0,2,1,1,1,1,0,2,0,1,1,1
1477a,1477c,3,0,1,3,2,1,1,0,2,3,1,1,2,2,2,1,0,1,1
1477b,1477c,1,1,1,1,0,2,0,1,1,3,1,1,2,2,2,1,0,1,1
0355a,0355b,3,2,1,3,2,3,0,3,2,1,4,1,0,0,2,1,1,1,1
1499b,1499c,2,1,1,2,2,2,3,4,2,2,0,1,3,0,2,1,3,2,1
1496a,1496c,2,4,1,1,2,1,0,4,2,2,1,1,1,0,2,2,2,1,1
1140c,1140a,2,4,1,2,2,1,0,1,2,3,4,0,2,2,1,1,3,2,1
1140c,1140b,2,4,1,2,2,1,0,1,2,0,0,1,3,0,1,1,2,1,1
1086b,1086c,0,1,1,1,2,2,1,0,1,2,1,1,1,0,1,1,2,1,1
1224c,1224b,1,0,1,1,2,1,1,2,2,2,4,2,4,3,3,3,4,2,1
1286a,1286b,1,2,1,3,2,1,1,3,2,3,4,1,0,2,3,0,4,2,1
1286a,1286c,1,2,1,3,2,1,1,3,2,2,1,1,1,2,1,3,3,2,1
1286b,1286c,3,4,1,0,2,3,0,4,2,2,1,1,1,2,1,3,3,2,1
1408c,1408a,0,1,1,0,0,2,0,2,1,3,1,0,3,2,1,0,3,2,1
1408c,1408b,0,1,1,0,0,2,0,2,1,1,1,0,1,0,3,0,2,1,1
0892a,0892c,1,0,1,1,2,3,0,0,2,3,2,0,2,2,2,1,0,2,1
1240b,1240c,1,1,1,1,0,1,0,3,2,2,1,0,0,2,3,1,1,2,1
0473a,0473b,1,2,1,0,0,2,1,1,2,1,4,1,1,0,3,0,3,2,1
0473a,0473c,1,2,1,0,0,2,1,1,2,1,1,1,3,2,3,2,4,1,1
1567c,1567b,2,4,1,4,2,2,0,2,2,3,1,0,2,2,2,0,0,2,1
1208a,1208b,0,4,1,0,0,2,0,2,2,1,0,1,0,2,1,0,1,1,1
1208a,1208c,0,4,1,0,0,2,0,2,2,0,1,1,0,2,1,3,2,2,1
1208b,1208c,1,0,1,0,2,1,0,1,1,0,1,1,0,2,1,3,2,2,1
1408a,1408b,3,1,0,3,2,1,0,3,2,1,1,0,1,0,3,0,2,1,1
0351a,0351b,1,2,0,0,2,2,0,3,2,1,1,1,1,3,2,1,3,2,1
0969a,0969c,2,2,1,1,2,2,1,2,1,3,4,1,3,2,2,2,3,2,1
0969a,0969b,2,2,1,1,2,2,1,2,1,2,0,1,1,2,1,1,2,1,1
0969c,0969b,3,4,1,3,2,2,2,3,2,2,0,1,1,2,1,1,2,1,1
0405c,0405a,1,0,1,1,2,2,1,2,1,3,0,1,0,2,3,1,2,1,1
0405c,0405b,1,0,1,1,2,2,1,2,1,1,0,1,4,0,2,0,1,2,1
0368b,0368c,3,0,1,3,0,2,1,2,2,3,1,0,2,2,3,2,2,2,1
0522b,0522c,2,1,0,2,2,2,0,4,2,3,1,2,4,0,2,0,3,2,1
1194a,1194b,3,1,1,1,2,1,1,2,1,2,4,0,1,2,2,0,1,2,1
1194a,1194c,3,1,1,1,2,1,1,2,1,2,1,2,1,2,2,0,3,2,1
1194b,1194c,2,4,0,1,2,2,0,1,2,2,1,2,1,2,2,0,3,2,1
1197a,1197c,1,4,1,3,0,2,1,0,2,1,2,1,0,0,2,0,4,2,1
1197a,1197b,1,4,1,3,0,2,1,0,2,0,0,1,4,2,3,0,4,2,1
1197c,1197b,1,2,1,0,0,2,0,4,2,0,0,1,4,2,3,0,4,2,1
1303a,1303b,3,4,1,0,0,2,0,4,2,3,1,0,2,2,2,0,3,2,1
1273a,1273c,1,2,1,0,0,2,1,0,2,1,1,1,3,1,1,3,1,2,1
1294a,1294b,1,0,1,0,2,1,0,0,1,1,1,1,0,2,0,0,3,2,1
1294a,1294c,1,0,1,0,2,1,0,0,1,3,0,1,3,2,3,1,0,2,1
1294b,1294c,1,1,1,0,2,0,0,3,2,3,0,1,3,2,3,1,0,2,1
1254a,1254b,1,1,1,1,2,1,3,3,2,2,1,0,2,2,2,1,3,2,1
0421c,0421a,1,0,1,1,2,2,1,1,1,3,2,1,3,2,3,3,3,2,1
1485b,1485c,0,1,1,3,2,1,1,2,1,3,4,1,3,2,3,1,3,2,1
1409a,1409c,3,4,1,3,0,2,0,4,2,0,2,1,0,0,2,1,2,1,1
0556a,0556b,2,1,1,1,0,2,0,4,1,0,2,0,1,0,2,1,1,1,1
0556a,0556c,2,1,1,1,0,2,0,4,1,0,1,0,1,0,3,1,0,1,1
0314c,0314a,1,1,1,3,2,0,0,0,2,1,1,1,0,2,1,2,1,1,1
0587b,0587c,0,1,1,0,2,1,1,0,1,1,4,0,3,2,3,1,3,2,1
0547a,0547c,2,2,0,1,2,2,0,1,2,1,2,1,3,2,1,2,1,1,1
0927a,0927b,1,0,1,0,0,2,0,2,1,1,4,1,1,2,3,1,1,2,1
0927a,0927c,1,0,1,0,0,2,0,2,1,2,1,0,2,2,1,0,1,2,1
0927b,0927c,1,4,1,1,2,3,1,1,2,2,1,0,2,2,1,0,1,2,1
1367b,1367c,1,1,0,1,2,1,0,3,2,1,1,1,3,2,0,0,3,2,1
1430b,1430c,1,1,1,1,1,2,0,3,2,0,0,1,3,2,3,0,3,2,1
0564a,0564b,2,1,1,0,2,3,3,2,1,2,2,1,2,0,2,1,1,1,1
0564a,0564c,2,1,1,0,2,3,3,2,1,0,1,1,1,1,1,0,3,2,1
1533c,1533a,1,2,1,3,2,1,0,1,1,3,3,0,3,2,2,0,3,2,1
1196a,1196b,0,1,1,3,2,2,2,1,1,0,2,1,0,2,2,1,2,1,1
1196a,1196c,0,1,1,3,2,2,2,1,1,1,1,1,1,2,3,3,3,2,1
1196b,1196c,0,2,1,0,2,2,1,2,1,1,1,1,1,2,3,3,3,2,1
1511b,1511c,0,1,0,2,2,2,0,2,2,1,1,0,1,0,3,1,0,1,1
1501c,1501b,0,1,1,0,0,2,1,2,1,3,1,1,2,2,1,1,0,1,1
1501c,1501a,0,1,1,0,0,2,1,2,1,1,3,1,0,2,3,1,3,2,1
1504b,1504a,3,1,1,3,1,2,0,4,2,1,0,1,1,2,1,3,0,2,1
0337b,0337c,3,4,1,3,2,2,3,4,2,3,4,1,1,2,1,1,3,2,1
0546c,0546b,2,0,1,3,2,1,3,1,2,3,1,1,3,1,3,0,1,2,1
0333c,0333a,3,2,1,1,2,1,1,1,2,2,1,1,3,2,1,2,0,1,1
1212a,1212c,2,1,1,0,0,2,2,2,1,2,0,1,0,0,2,2,2,1,1
1358a,1358b,2,1,1,1,1,2,0,4,2,3,4,0,1,2,2,0,1,2,1
1358a,1358c,2,1,1,1,1,2,0,4,2,3,4,1,1,2,3,1,1,2,1
1358b,1358c,3,4,0,1,2,2,0,1,2,3,4,1,1,2,3,1,1,2,1
0457c,0457b,0,2,1,0,0,2,0,3,2,1,4,0,1,0,2,0,1,1,1
0354a,0354c,2,1,1,4,2,1,0,4,2,1,0,0,1,0,1,3,2,2,1
0516a,0516b,2,0,1,0,0,3,0,3,2,0,1,0,2,2,2,0,1,2,1
1538c,1538b,0,2,1,0,2,1,1,0,2,2,2,1,3,0,2,0,1,1,1
1091c,1091a,2,4,0,2,2,2,0,2,2,3,1,2,4,2,2,3,4,2,1
0488b,0488c,2,0,0,0,2,1,0,0,2,1,4,0,1,2,2,0,4,2,1
1447b,1447c,1,4,1,0,2,2,2,1,1,1,1,0,1,2,2,2,2,2,1
1377a,1377b,2,2,1,3,0,3,0,2,2,0,1,1,0,1,2,1,0,2,1
1377a,1377c,2,2,1,3,0,3,0,2,2,2,1,0,2,2,3,0,3,2,1
0518a,0518b,2,1,1,0,0,2,2,1,1,1,1,1,0,0,1,1,2,1,1
0518a,0518c,2,1,1,0,0,2,2,1,1,3,4,1,1,2,3,0,4,2,1
0518b,0518c,1,1,1,0,0,1,1,2,1,3,4,1,1,2,3,0,4,2,1
0521b,0521c,1,1,1,0,1,1,0,0,2,3,1,2,1,0,2,1,3,2,1
1363b,1363a,0,1,1,1,0,2,0,2,1,0,0,1,1,2,3,2,3,2,1
1363b,1363c,0,1,1,1,0,2,0,2,1,0,1,0,1,0,2,0,1,1,1
1234b,1234c,3,0,1,1,2,3,0,4,2,2,1,0,2,2,3,0,2,2,1
0950a,0950b,2,1,1,3,0,2,2,2,1,1,0,1,3,0,1,0,3,2,1
1443c,1443b,0,1,1,1,2,1,1,2,1,2,1,1,2,0,2,2,0,1,1
0324b,0324c,0,1,1,3,0,2,1,1,1,1,1,0,4,2,2,0,3,2,1
0324b,0324a,0,1,1,3,0,2,1,1,1,0,2,1,0,1,2,1,3,2,1
1155b,1155a,1,1,1,3,0,1,1,2,1,1,1,0,2,2,1,1,0,2,1
1155b,1155c,1,1,1,3,0,1,1,2,1,1,0,1,0,2,0,0,3,2,1
0348b,0348c,1,1,1,1,0,1,0,2,1,3,1,0,2,2,2,3,3,2,1
1253b,1253c,0,1,1,1,2,1,1,1,1,2,0,0,2,2,2,0,0,2,1
0405a,0405b,3,0,1,0,2,3,1,2,1,1,0,1,4,0,2,0,1,2,1
0525a,0525b,1,2,1,3,2,1,1,1,1,2,3,0,0,2,2,0,3,2,1
0525a,0525c,1,2,1,3,2,1,1,1,1,1,1,1,2,2,1,2,1,1,1
0517b,0517c,3,0,1,3,0,1,0,3,2,1,1,1,3,0,2,3,2,1,1
0517b,0517a,3,0,1,3,0,1,0,3,2,3,0,1,0,2,0,1,1,2,1
0517c,0517a,1,1,1,3,0,2,3,2,1,3,0,1,0,2,0,1,1,2,1
0537b,0537c,2,1,0,3,0,2,1,4,2,2,2,1,3,2,2,2,0,1,1
0440b,0440a,2,1,1,2,0,2,1,0,1,2,0,0,2,2,2,0,4,2,1
1394c,1394b,3,2,1,0,2,2,3,2,1,3,1,0,1,2,1,1,3,2,1
1501b,1501a,3,1,1,2,2,1,1,0,1,1,3,1,0,2,3,1,3,2,1
1377b,1377c,0,1,1,0,1,2,1,0,2,2,1,0,2,2,3,0,3,2,1
1164a,1164b,2,1,0,2,2,1,1,1,2,2,1,1,2,1,2,1,1,2,1
1036b,1036c,2,2,0,2,2,2,0,0,2,1,4,1,0,0,2,2,0,2,1
0328b,0328a,0,2,1,1,2,3,0,3,2,3,1,0,2,2,3,0,2,2,1
0535a,0535b,2,4,1,1,2,2,2,1,1,0,0,1,2,2,2,1,4,2,1
0535a,0535c,2,4,1,1,2,2,2,1,1,1,2,1,3,2,1,3,3,2,1
0535b,0535c,0,0,1,2,2,2,1,4,2,1,2,1,3,2,1,3,3,2,1
0324c,0324a,1,1,0,4,2,2,0,3,2,0,2,1,0,1,2,1,3,2,1
0390c,0390a,2,0,1,0,1,2,1,3,2,0,0,1,0,1,2,1,2,2,1
1181b,1181c,2,1,0,2,2,1,1,0,2,2,2,1,0,0,3,0,4,2,1
0327b,0327a,0,1,1,1,1,2,0,3,2,3,1,1,1,2,0,0,4,2,1
0569a,0569b,1,1,0,2,2,3,0,3,2,0,0,1,2,2,1,1,1,2,1
0315b,0315a,2,1,0,2,2,1,1,3,2,2,4,0,2,2,3,0,3,2,1
0924a,0924b,2,2,1,3,1,2,1,2,2,1,0,1,3,0,2,1,0,1,1
0924a,0924c,2,2,1,3,1,2,1,2,2,0,1,1,0,2,1,2,1,1,1
0924b,0924c,1,0,1,3,0,2,1,0,1,0,1,1,0,2,1,2,1,1,1
0350c,0350a,2,0,1,0,1,1,0,2,2,3,2,1,0,1,2,1,3,2,1
0489b,0489a,1,0,1,0,2,3,3,4,2,1,4,2,0,2,3,1,2,2,1
1155a,1155c,1,1,0,2,2,1,1,0,2,1,0,1,0,2,0,0,3,2,1
0302a,0302c,2,0,1,1,0,2,1,1,1,3,1,0,2,2,3,0,3,2,1
0302a,0302b,2,0,1,1,0,2,1,1,1,2,2,2,4,3,3,3,4,2,1
0302c,0302b,3,1,0,2,2,3,0,3,2,2,2,2,4,3,3,3,4,2,1
0471b,0471c,0,0,1,0,1,2,0,2,2,0,0,1,3,2,1,1,2,1,1
1383b,1383c,3,2,1,3,0,2,1,2,1,1,1,1,1,0,2,2,2,1,1
1323a,1323b,2,0,1,1,2,3,2,3,2,1,1,0,2,2,1,1,3,2,1
1323a,1323c,2,0,1,1,2,3,2,3,2,1,0,1,1,2,2,3,0,1,1
1323b,1323c,1,1,0,2,2,1,1,3,2,1,0,1,1,2,2,3,0,1,1
0473b,0473c,1,4,1,1,0,3,0,3,2,1,1,1,3,2,3,2,4,1,1
0357b,0357a,2,1,0,0,0,2,2,3,2,3,4,1,1,2,3,2,3,2,1
0357b,0357c,2,1,0,0,0,2,2,3,2,0,2,1,1,0,2,0,1,1,1
0311a,0311c,1,2,1,1,2,1,3,3,2,0,0,1,0,0,2,2,1,1,1
0463a,0463b,1,1,1,0,0,3,3,4,2,0,0,0,3,2,3,0,3,2,1
1259a,1259b,1,4,0,0,2,3,1,3,2,1,0,1,3,2,1,2,2,1,1
1259a,1259c,1,4,0,0,2,3,1,3,2,0,1,1,0,0,2,2,1,1,1
1259b,1259c,1,0,1,3,2,1,2,2,1,0,1,1,0,0,2,2,1,1,1
0525b,0525c,2,3,0,0,2,2,0,3,2,1,1,1,2,2,1,2,1,1,1
1191b,1191c,3,4,0,1,2,1,0,3,2,3,4,1,3,2,3,3,4,2,1
0357a,0357c,3,4,1,1,2,3,2,3,2,0,2,1,1,0,2,0,1,1,1
0434c,0434a,0,1,0,2,2,3,0,3,2,3,0,0,2,0,3,3,0,2,1
0450c,0450b,1,1,0,0,0,1,0,1,1,1,2,0,1,0,2,0,2,1,1
1152a,1152c,3,4,0,2,2,1,0,2,2,0,0,1,1,2,1,1,1,1,1
0564b,0564c,2,2,1,2,0,2,1,1,1,0,1,1,1,1,1,0,3,2,1
0585b,0585c,3,1,2,3,2,3,1,4,2,0,1,0,2,2,1,1,0,2,1
1319b,1319c,2,4,2,3,2,2,2,1,2,1,0,1,0,2,0,1,4,2,1
0323c,0323a,1,0,1,1,0,1,0,0,1,3,4,2,4,2,2,3,2,2,1
0323c,0323b,1,0,1,1,0,1,0,0,1,3,0,0,1,0,3,1,1,1,1
0385c,0385a,2,2,1,0,1,2,2,1,2,0,0,1,2,2,3,3,0,2,1
0540a,0540c,3,3,1,1,2,3,0,3,2,2,1,0,4,0,2,0,3,2,1
1363a,1363c,0,0,1,1,2,3,2,3,2,0,1,0,1,0,2,0,1,1,1
1500a,1500b,3,4,1,4,2,3,1,3,2,0,2,1,0,0,2,2,2,1,1
1271a,1271b,1,1,1,2,0,1,1,4,1,3,4,2,2,0,2,1,3,2,1
1271a,1271c,1,1,1,2,0,1,1,4,1,0,1,2,4,2,2,2,2,2,1
0469a,0469b,2,3,1,1,2,2,3,4,2,3,2,1,2,0,2,1,1,1,1
0469a,0469c,2,3,1,1,2,2,3,4,2,2,0,1,1,0,2,3,0,1,1
0469b,0469c,3,2,1,2,0,2,1,1,1,2,0,1,1,0,2,3,0,1,1
0873a,0873b,2,2,0,2,2,2,3,0,2,3,0,2,3,0,2,0,3,2,1
0431b,0431a,3,0,2,1,2,3,0,2,2,3,2,1,3,1,2,3,2,2,1
0460b,0460c,1,4,0,0,2,3,3,3,2,2,4,2,1,2,2,2,1,2,1
0347a,0347b,2,4,1,3,0,3,1,4,1,1,1,0,0,0,2,2,0,1,1
1140a,1140b,3,4,0,2,2,1,1,3,2,0,0,1,3,0,1,1,2,1,1
0375c,0375b,2,4,1,4,2,2,2,1,1,1,3,0,1,0,2,0,2,1,1
1406a,1406b,1,2,2,4,2,2,0,2,2,1,0,0,1,0,2,2,2,2,1
1406a,1406c,1,2,2,4,2,2,0,2,2,1,0,1,4,0,2,3,2,2,1
1406b,1406c,1,0,0,1,0,2,2,2,2,1,0,1,4,0,2,3,2,2,1
0911b,0911c,1,3,1,1,2,2,2,1,1,2,4,2,3,2,3,3,2,2,1
0401b,0401c,2,0,2,3,2,3,3,2,2,1,3,1,3,0,3,0,4,2,1
0376c,0376b,2,1,0,0,3,2,2,3,2,1,2,0,2,0,1,1,1,1,1
0317a,0317b,1,1,0,2,0,1,1,2,1,0,4,0,0,0,2,2,3,2,1
0317a,0317c,1,1,0,2,0,1,1,2,1,0,0,0,2,2,3,1,3,2,1
0317b,0317c,0,4,0,0,0,2,2,3,2,0,0,0,2,2,3,1,3,2,1
0387b,0387a,2,2,0,1,0,1,0,2,1,0,1,0,2,0,1,2,2,2,1
1198a,1198b,3,0,2,4,2,2,0,4,2,1,0,1,3,2,0,2,2,1,1
0549b,0549c,0,1,0,2,2,3,3,4,2,3,1,1,3,3,3,3,4,2,1
0594b,0594c,0,0,0,3,2,0,0,3,2,0,4,2,4,2,2,0,3,2,1
1271b,1271c,3,4,2,2,0,2,1,3,2,0,1,2,4,2,2,2,2,2,1
0556b,0556c,0,2,0,1,0,2,1,1,1,0,1,0,1,0,3,1,0,1,1
1414b,1414c,0,4,0,0,0,1,1,1,1,1,0,1,1,3,1,1,2,1,1
0323a,0323b,3,4,2,4,2,2,3,2,2,3,0,0,1,0,3,1,1,1,1
