1289a,1468a,2,1,1,0,2,3,0,3,2,1,1,1,2,2,2,0,0,2
0557c,0553b,1,1,1,0,2,1,0,2,1,2,1,1,0,0,2,1,1,1
0579c,0432c,2,1,1,0,2,2,1,0,1,3,1,1,0,2,2,2,0,2
0560c,1508a,1,1,1,0,2,1,1,0,2,2,4,1,0,2,2,3,4,2
0562c,1325b,3,0,1,3,2,1,0,2,2,0,1,1,1,2,2,1,2,1
0306b,1373a,2,1,0,2,2,2,0,2,2,3,4,1,3,2,2,2,1,2
1097a,0365b,3,2,1,0,2,2,0,4,2,2,1,1,3,0,2,0,2,1
1193a,1273a,1,4,1,3,2,3,1,1,2,1,2,1,0,0,2,1,0,2
0477a,1343a,2,1,1,1,2,1,0,0,2,2,0,1,0,2,1,0,0,2
0592c,1114a,1,2,1,1,2,3,0,3,2,2,1,1,3,0,2,2,0,1
0386a,0370a,1,2,1,0,0,2,3,0,2,3,0,1,0,1,3,1,1,2
1171a,1508a,1,2,1,3,2,3,0,0,2,2,4,1,0,2,2,3,4,2
1164c,1371c,3,1,1,3,2,3,0,2,2,2,1,1,0,2,3,2,3,2
1208a,1377c,0,4,1,0,0,2,0,2,2,2,1,0,2,2,3,0,3,2
1255a,1441c,1,1,1,0,2,2,1,0,1,1,1,1,1,2,2,1,1,1
1252a,1368b,3,1,1,3,2,3,0,3,2,3,1,1,1,2,2,3,4,2
1120a,1468b,2,1,1,3,2,2,0,2,2,3,1,1,2,2,2,1,3,2
1508a,1340c,2,4,1,0,2,2,3,4,2,1,0,0,0,2,1,1,2,2
0435b,1036b,2,1,0,2,2,2,1,0,2,2,2,0,2,2,2,0,0,2
1155c,0585b,1,0,1,0,2,0,0,3,2,3,1,2,3,2,3,1,4,2
0474b,0343c,2,1,1,3,2,3,3,3,2,1,0,0,2,2,3,1,3,2
1367a,0535c,2,0,1,1,2,2,3,2,2,1,2,1,3,2,1,3,3,2
1543b,1484b,2,1,1,2,2,2,1,0,2,1,1,1,0,2,1,1,2,1
0515a,1234b,1,1,1,3,2,2,2,2,1,3,0,1,1,2,3,0,4,2
0345a,1201b,0,1,1,0,0,2,0,2,2,2,0,1,0,2,3,0,4,2
0331b,1309a,3,1,1,0,2,2,0,0,2,0,1,1,0,2,2,0,2,2
0576b,1087a,1,1,1,3,0,2,3,0,2,1,2,1,1,2,1,0,2,1
0338b,0440c,2,1,1,3,2,1,0,3,2,3,4,1,0,2,1,0,4,2
0372b,0941c,1,1,1,3,1,2,1,2,2,1,0,0,4,2,3,1,3,2
1237c,1538a,2,1,0,2,2,2,0,1,2,1,1,1,3,2,3,1,2,1
0307a,0319b,2,0,1,3,2,2,0,4,2,1,1,1,1,2,3,0,2,1
0321a,0359b,2,1,1,3,2,1,1,2,1,3,2,1,0,2,2,3,0,2
1475c,1360c,3,1,1,3,0,1,3,4,2,0,1,1,2,1,2,1,1,1
1267a,0311a,2,1,1,0,2,2,2,2,1,1,2,1,1,2,1,3,3,2
0503a,1335a,2,1,1,0,2,3,0,2,2,2,1,1,0,2,3,0,1,2
1513b,1374c,2,0,1,3,2,3,0,2,2,3,0,1,0,2,1,0,3,2
1237a,1477b,2,1,0,1,2,2,0,1,2,1,1,1,1,0,2,0,1,1
1520a,0592c,3,2,1,3,2,2,0,2,2,1,2,1,1,2,3,0,3,2
1236b,1374b,3,4,1,0,2,2,1,0,2,1,1,1,0,2,2,2,2,1
0365b,0307c,2,1,1,3,0,2,0,2,1,1,1,1,1,2,2,2,3,2
0510c,1146c,3,1,1,1,2,1,1,0,2,3,0,1,3,2,2,1,4,2
1471c,0374a,1,1,1,0,0,1,1,1,2,2,2,0,0,2,1,3,3,2
1365b,0385a,0,4,1,3,2,2,1,0,2,0,0,1,2,2,3,3,0,2
1432b,0431a,3,1,1,0,1,2,1,4,2,3,2,1,3,1,2,3,2,2
1208a,1181c,0,4,1,0,0,2,0,2,2,2,2,1,0,0,3,0,4,2
1234a,0440c,3,4,1,3,2,2,0,3,2,3,4,1,0,2,1,0,4,2
1362a,1268c,3,1,1,3,2,2,0,0,2,2,1,1,3,2,3,0,4,2
1146a,1259a,0,4,1,0,2,2,1,0,2,1,4,0,0,2,3,1,3,2
0411c,1294a,2,1,1,3,2,1,0,4,2,1,0,1,0,2,1,0,0,1
1393a,0536a,2,4,1,0,2,2,0,4,2,2,1,1,0,2,3,0,4,2
1153b,0488b,0,4,1,3,2,2,1,2,2,2,0,0,0,2,1,0,0,2
0373b,1099a,2,1,1,1,2,1,0,0,1,2,1,1,3,0,2,2,3,2
0456b,0866c,0,1,1,1,2,2,0,1,1,3,0,1,0,0,2,2,2,1
1409b,0516b,1,1,1,3,2,3,3,1,2,0,1,0,2,2,2,0,1,2
0334b,1426c,2,0,1,0,2,2,3,1,2,1,0,1,0,2,3,1,2,2
1036b,0583c,2,2,0,2,2,2,0,0,2,3,1,0,2,2,2,2,3,2
1361b,1549c,1,0,1,3,2,2,0,4,2,0,2,1,3,2,2,1,4,2
0338c,0319a,0,1,1,3,2,2,1,2,1,2,4,1,0,2,3,1,2,2
0301c,0330a,3,1,1,4,0,2,0,1,2,1,0,1,1,2,2,2,1,1
1533c,1511b,1,2,1,3,2,1,0,1,1,0,1,0,2,2,2,0,2,2
1398c,0431c,2,1,1,0,2,2,2,1,1,2,0,1,0,2,2,2,3,2
0593a,0570a,3,1,1,0,2,2,3,0,2,2,1,0,3,0,2,1,3,2
0458a,1260b,2,1,1,0,2,2,1,0,2,2,1,1,1,2,1,1,0,2
1344a,0563a,1,1,1,0,2,3,0,3,2,1,1,1,1,0,2,0,2,1
0411b,1391a,1,2,1,1,2,2,0,1,2,3,4,1,3,2,3,0,3,2
1364c,0897c,2,2,1,0,2,2,1,3,2,2,4,1,3,2,3,1,3,2
1452b,0366a,1,0,1,3,2,2,0,2,2,2,4,1,3,2,2,0,3,2
1350a,0311c,3,1,1,0,2,3,1,2,1,0,0,1,0,0,2,2,1,1
1039c,0354a,2,4,1,0,2,2,3,1,2,2,1,1,4,2,1,0,4,2
1135b,1429c,3,1,1,0,2,3,1,1,2,0,0,1,3,2,2,0,0,2
1234c,0551a,2,1,0,2,2,3,0,2,2,2,1,1,1,2,0,1,3,2
1248a,0411a,2,1,1,3,2,2,1,4,2,3,1,1,0,2,1,1,4,2
1538c,1408b,0,2,1,0,2,1,1,0,2,1,1,0,1,0,3,0,2,1
0333b,1208b,2,1,1,0,2,3,1,1,2,1,0,1,0,2,1,0,1,1
1465a,0581c,3,4,1,0,2,2,3,2,2,2,4,2,3,2,2,1,2,2
0577a,0477b,2,1,1,0,2,2,0,1,2,2,1,1,1,2,3,0,2,2
0379c,0457a,2,1,1,2,2,2,0,3,2,2,3,1,3,2,2,0,1,2
1563a,1394b,0,1,1,3,2,3,0,0,2,3,1,0,1,2,1,1,3,2
1212a,1447b,2,1,1,0,0,2,2,2,1,1,4,1,0,2,2,2,1,1
1431c,1483c,3,1,1,3,2,3,1,4,2,1,1,1,1,0,1,0,1,1
0577b,1552b,2,1,0,3,2,2,1,2,2,2,1,1,3,2,1,1,1,1
0345a,1335b,0,1,1,0,0,2,0,2,2,2,2,1,0,2,2,3,2,2
1358b,0350a,3,4,0,1,2,2,0,1,2,3,2,1,0,1,2,1,3,2
1465a,0950b,3,4,1,0,2,2,3,2,2,1,0,1,3,0,1,0,3,2
0538a,0587b,2,1,0,3,2,2,1,4,2,0,1,1,0,2,1,1,0,1
1257a,0368b,2,1,1,2,2,1,0,3,2,3,0,1,3,0,2,1,2,2
0518b,0535b,1,1,1,0,0,1,1,2,1,0,0,1,2,2,2,1,4,2
0564a,1212a,2,1,1,0,2,3,3,2,1,2,1,1,0,0,2,2,2,1
0381b,0927c,3,1,1,0,2,3,0,4,2,2,1,0,2,2,1,0,1,2
1314a,1421a,1,1,1,1,2,1,0,4,2,1,0,1,0,2,2,3,3,2
0404c,1423a,0,2,1,3,2,2,0,4,2,3,1,1,1,2,2,2,1,1
0307b,1364a,3,0,1,0,2,2,1,2,2,2,1,1,2,0,2,0,3,2
1334c,0317b,3,4,1,3,2,3,1,2,2,0,4,0,0,0,2,2,3,2
1284a,1237c,2,1,1,0,2,2,1,4,2,2,1,0,2,2,2,0,1,2
1224c,1430b,1,0,1,1,2,1,1,2,2,1,1,1,1,1,2,0,3,2
1153a,0440c,0,1,1,1,2,2,0,0,2,3,4,1,0,2,1,0,4,2
1386a,1255b,1,1,1,0,2,2,0,3,2,1,1,1,1,2,2,1,4,2
0318b,0410c,1,2,1,0,0,2,0,0,2,2,1,2,1,0,2,1,3,2
0355c,1330b,1,1,1,1,2,1,0,1,2,2,2,1,3,2,2,0,4,2
1057b,0323a,1,0,0,2,0,2,1,0,1,3,4,2,4,2,2,3,2,2
1513c,0336c,1,1,1,0,1,2,1,1,2,3,2,1,2,2,2,0,1,1
1367a,1323c,2,0,1,1,2,2,3,2,2,1,0,1,1,2,2,3,0,1
0349b,0535b,0,1,1,3,2,2,3,1,2,0,0,1,2,2,2,1,4,2
1143c,0473c,1,1,1,0,1,2,3,1,2,1,1,1,3,2,3,2,4,1
1196b,0448b,0,2,1,0,2,2,1,2,1,2,2,1,0,0,2,3,2,1
1513b,0324b,2,0,1,3,2,3,0,2,2,0,1,1,3,0,2,1,1,1
1554a,0321b,2,1,1,2,2,1,0,1,2,3,2,1,3,2,2,1,4,2
1425c,0525a,1,4,1,1,2,1,0,1,2,1,2,1,3,2,1,1,1,1
0587b,0317a,0,1,1,0,2,1,1,0,1,1,1,0,2,0,1,1,2,1
0463a,1360c,1,1,1,0,0,3,3,4,2,0,1,1,2,1,2,1,1,1
1319a,1091a,2,0,1,0,2,2,3,4,2,3,1,2,4,2,2,3,4,2
0381b,0345a,3,1,1,0,2,3,0,4,2,0,1,1,0,0,2,0,2,2
0503a,1123b,2,1,1,0,2,3,0,2,2,0,2,1,0,2,2,1,1,2
1441a,1178b,1,1,1,1,2,2,2,1,2,3,0,1,3,2,2,3,1,2
1191c,1409c,3,4,1,3,2,3,3,4,2,0,2,1,0,0,2,1,2,1
0377a,1417a,1,4,1,1,2,2,0,1,2,1,1,0,0,2,3,1,3,2
1096a,1485a,2,1,1,1,2,3,0,4,2,3,4,1,0,2,2,2,2,2
1543b,0335c,2,1,1,2,2,2,1,0,2,3,1,1,0,2,1,1,3,2
0471c,1363c,0,0,1,3,2,1,1,2,1,0,1,0,1,0,2,0,1,1
1099a,0315a,2,1,1,3,0,2,2,3,2,2,4,0,2,2,3,0,3,2
0456b,0449c,0,1,1,1,2,2,0,1,1,1,0,1,3,2,3,0,0,2
1255a,0570a,1,1,1,0,2,2,1,0,1,2,1,0,3,0,2,1,3,2
1180a,0551c,2,1,1,2,2,2,1,1,2,3,2,1,0,0,2,0,2,2
0403c,1533a,1,0,0,0,2,2,0,3,2,3,3,0,3,2,2,0,3,2
0535b,0370a,0,0,1,2,2,2,1,4,2,3,0,1,0,1,3,1,1,2
1471b,0344c,1,0,1,0,2,2,0,4,2,1,1,0,2,2,2,1,0,2
0440b,0323b,2,1,1,2,0,2,1,0,1,3,0,0,1,0,3,1,1,1
1173c,1499b,1,2,1,3,0,2,0,2,2,2,1,1,2,2,2,3,4,2
1377c,0466c,2,1,0,2,2,3,0,3,2,3,1,1,2,2,1,2,0,1
1465a,0431b,3,4,1,0,2,2,3,2,2,3,0,2,1,2,3,0,2,2
1155c,0315a,1,0,1,0,2,0,0,3,2,2,4,0,2,2,3,0,3,2
0349b,1499c,0,1,1,3,2,2,3,1,2,2,0,1,3,0,2,1,3,2
0321b,0450b,3,2,1,3,2,2,1,4,2,1,2,0,1,0,2,0,2,1
1086c,1098a,2,1,1,1,0,1,1,2,1,0,1,0,1,0,1,1,1,1
1129a,0516b,3,1,1,0,2,2,3,1,2,0,1,0,2,2,2,0,1,2
0345a,1164b,0,1,1,0,0,2,0,2,2,2,1,1,2,1,2,1,1,2
0322b,1271c,1,1,1,3,1,2,0,1,2,0,1,2,4,2,2,2,2,2
1504b,1057b,3,1,1,3,1,2,0,4,2,1,0,0,2,0,2,1,0,1
1378b,1341a,3,1,1,3,2,2,1,3,2,0,2,1,0,2,2,0,2,2
0396b,0496a,2,1,0,1,2,2,1,3,2,3,4,1,0,2,3,1,2,2
0363a,0348b,0,0,1,1,2,2,1,1,2,1,1,1,1,0,1,0,2,1
0466c,1224b,3,1,1,2,2,1,2,0,1,2,4,2,4,3,3,3,4,2
1562b,0457c,1,2,1,0,0,2,0,2,2,0,2,1,0,0,2,0,3,2
0353a,0441b,2,1,1,3,1,2,0,2,2,2,2,1,0,0,2,3,2,2
1273c,0556b,1,1,1,3,1,1,3,1,2,0,2,0,1,0,2,1,1,1
1243a,0375a,1,0,1,3,2,2,1,3,2,3,0,1,3,2,2,0,4,2
0583c,0365c,3,1,0,2,2,2,2,3,2,0,4,0,3,0,1,1,2,1
0897c,1440b,2,4,1,3,2,3,1,3,2,0,4,0,2,0,2,0,4,1
1490c,1307a,0,1,1,3,2,2,0,2,2,1,1,1,3,2,2,0,1,1
1227b,0307c,3,1,1,3,2,1,0,4,2,1,1,1,1,2,2,2,3,2
1300a,0373a,1,1,1,1,2,2,0,1,2,3,0,1,0,0,2,0,2,2
1431a,0485b,3,1,1,3,2,1,3,0,2,2,1,1,0,1,1,0,2,2
1484c,1273c,1,1,1,0,0,1,2,2,1,1,1,1,3,1,1,3,1,2
1507b,1155b,1,0,1,1,2,2,3,0,2,1,1,1,3,0,1,1,2,1
0424a,1208b,1,2,1,3,2,2,0,1,2,1,0,1,0,2,1,0,1,1
0577b,0927a,2,1,0,3,2,2,1,2,2,1,0,1,0,0,2,0,2,1
0313c,0453c,0,1,1,3,2,2,1,1,1,1,1,1,2,0,1,1,2,1
1230b,0892c,1,1,0,3,2,2,1,3,2,3,2,0,2,2,2,1,0,2
1286a,0547c,1,2,1,3,2,1,1,3,2,1,2,1,3,2,1,2,1,1
1386a,1260c,1,1,1,0,2,2,0,3,2,3,2,1,0,2,2,1,1,2
1482a,1408a,2,4,1,3,2,2,3,1,2,3,1,0,3,2,1,0,3,2
1394b,1392a,3,1,0,1,2,1,1,3,2,2,4,1,1,0,2,3,2,1
1518c,1352a,2,1,1,0,2,1,0,1,2,2,2,1,1,2,2,1,4,2
0950a,0302a,2,1,1,3,0,2,2,2,1,2,0,1,1,0,2,1,1,1
1475b,1409a,3,1,0,3,2,2,0,3,2,3,4,1,3,0,2,0,4,2
0367a,0366a,2,1,1,0,2,2,0,4,2,2,4,1,3,2,2,0,3,2
1373a,1429a,3,4,1,3,2,2,2,1,2,1,2,1,2,2,2,1,0,1
1476c,0368c,1,2,1,3,0,2,1,1,1,3,1,0,2,2,3,2,2,2
0577a,1531a,2,1,1,0,2,2,0,1,2,2,0,1,0,2,3,0,3,2
1153a,1531a,0,1,1,1,2,2,0,0,2,2,0,1,0,2,3,0,3,2
0567b,0340b,1,2,1,0,2,2,1,2,1,1,4,1,1,2,1,0,3,2
0577a,1417c,2,1,1,0,2,2,0,1,2,1,1,1,3,2,2,1,2,1
1476c,1414b,1,2,1,3,0,2,1,1,1,0,4,0,0,0,1,1,1,1
0492a,0375c,3,4,1,1,2,2,0,4,2,2,4,1,4,2,2,2,1,1
0363b,0485b,1,1,1,1,2,1,0,1,1,2,1,1,0,1,1,0,2,2
0471b,1191c,0,0,1,0,1,2,0,2,2,3,4,1,3,2,3,3,4,2
1284b,0593c,1,1,1,3,0,2,0,1,2,1,1,1,1,2,3,0,0,1
0571a,1552b,2,4,1,3,2,3,0,1,2,2,1,1,3,2,1,1,1,1
1482a,0337c,2,4,1,3,2,2,3,1,2,3,4,1,1,2,1,1,3,2
1086b,1220b,0,1,1,1,2,2,1,0,1,0,1,1,1,2,3,1,2,1
0557c,1231b,1,1,1,0,2,1,0,2,1,0,0,1,0,2,2,0,1,2
0411b,1450a,1,2,1,1,2,2,0,1,2,3,1,1,3,2,2,2,1,1
1458a,0492b,0,1,1,3,2,2,1,1,2,2,0,1,0,2,1,1,3,2
0353b,0455c,2,1,1,1,2,1,1,2,1,3,1,1,3,3,1,3,1,2
0403c,0517a,1,0,0,0,2,2,0,3,2,3,0,1,0,2,0,1,1,2
1445a,1518a,0,1,1,3,2,2,0,3,2,2,2,1,3,2,2,0,1,2
0411c,0331a,2,1,1,3,2,1,0,4,2,3,1,0,0,2,2,3,2,2
1367a,1488b,2,0,1,1,2,2,3,2,2,2,2,1,0,0,2,1,1,1
1090c,1226c,0,0,1,3,2,2,0,1,2,2,0,0,0,0,2,0,0,2
1402b,1191c,1,2,1,3,0,2,1,3,2,3,4,1,3,2,3,3,4,2
1330a,1193a,3,2,1,3,2,2,0,0,2,1,4,1,3,2,3,1,1,2
1534a,1431c,2,1,1,1,2,3,1,3,2,3,1,1,3,2,3,1,4,2
0892c,1360c,3,2,0,2,2,2,1,0,2,0,1,1,2,1,2,1,1,1
1371c,1224c,2,1,1,0,2,3,2,3,2,1,0,1,1,2,1,1,2,2
0927a,1443c,1,0,1,0,0,2,0,2,1,0,1,1,1,2,1,1,2,1
0365a,1499b,0,2,1,0,2,2,0,1,2,2,1,1,2,2,2,3,4,2
1257a,1240c,2,1,1,2,2,1,0,3,2,2,1,0,0,2,3,1,1,2
1521a,1224c,2,2,1,0,2,2,1,1,2,1,0,1,1,2,1,1,2,2
1481a,1236a,3,1,1,1,2,2,0,3,2,3,0,1,3,2,2,0,3,2
0550b,0355a,3,0,1,0,2,2,0,4,2,3,2,1,3,2,3,0,3,2
1222c,1488b,0,1,1,0,2,2,1,2,1,2,2,1,0,0,2,1,1,1
1090c,1286a,0,0,1,3,2,2,0,1,2,1,2,1,3,2,1,1,3,2
0414a,0377a,3,2,1,0,2,2,0,2,2,1,4,1,1,2,2,0,1,2
1282b,1551a,2,2,1,3,2,2,0,2,2,0,1,1,0,2,2,3,3,2
1425c,1064c,1,4,1,1,2,1,0,1,2,1,4,1,1,0,2,2,1,1
1259b,0439a,1,0,1,3,2,1,2,2,1,3,1,2,4,2,2,3,2,2
1174a,0348a,1,1,1,1,2,3,0,4,2,3,0,1,0,2,1,0,4,2
1483c,0547c,1,1,1,1,0,1,0,1,1,1,2,1,3,2,1,2,1,1
1344a,0363c,1,1,1,0,2,3,0,3,2,1,1,1,0,2,2,3,0,2
1416c,1429a,1,4,1,3,2,3,1,4,2,1,2,1,2,2,2,1,0,1
0348b,0535b,1,1,1,1,0,1,0,2,1,0,0,1,2,2,2,1,4,2
0306a,1411a,3,1,1,2,2,2,0,1,2,2,0,1,1,2,2,1,1,2
1294a,0368c,1,0,1,0,2,1,0,0,1,3,1,0,2,2,3,2,2,2
0307b,1252b,3,0,1,0,2,2,1,2,2,2,2,1,3,2,2,1,1,2
1231a,0348a,1,2,1,0,2,2,1,0,2,3,0,1,0,2,1,0,4,2
0557c,1234b,1,1,1,0,2,1,0,2,1,3,0,1,1,2,3,0,4,2
0539a,1178a,2,4,1,3,2,2,1,2,2,3,4,1,3,0,2,0,3,2
0556a,0537b,2,1,1,1,0,2,0,4,1,2,1,0,3,0,2,1,4,2
0531a,0538b,2,2,1,1,2,2,0,3,2,1,1,1,3,2,1,2,1,2
0571a,0357a,2,4,1,3,2,3,0,1,2,3,4,1,1,2,3,2,3,2
0340a,1155c,3,0,1,0,2,3,1,2,2,1,0,1,0,2,0,0,3,2
1552a,1443c,3,0,1,1,2,2,1,1,2,0,1,1,1,2,1,1,2,1
1561b,1422a,0,0,1,0,2,2,2,1,1,3,4,0,3,0,2,1,3,2
1375b,0307a,1,4,1,3,2,2,0,3,2,2,0,1,3,2,2,0,4,2
1226c,0328a,2,0,0,0,0,2,0,0,2,3,1,0,2,2,3,0,2,2
0373a,1538b,3,0,1,0,0,2,0,2,2,2,2,1,3,0,2,0,1,1
0496f,0403c,2,4,1,0,2,2,1,2,2,1,0,0,0,2,2,0,3,2
0396c,1546b,3,1,1,0,2,2,3,2,2,3,1,1,0,0,3,0,3,2
0458b,0547a,3,2,1,3,2,2,1,3,2,2,2,0,1,2,2,0,1,2
0431c,1307b,2,0,1,0,2,2,2,3,2,3,4,1,0,2,3,1,1,2
1394a,0491a,2,1,1,3,2,2,1,1,1,2,1,1,1,2,1,0,2,1
0579a,1296c,1,0,1,3,2,2,0,1,2,1,1,1,3,0,2,1,0,2
0381b,1378a,3,1,1,0,2,3,0,4,2,3,4,1,3,2,3,0,0,2
0471a,1194b,1,4,1,1,2,3,0,1,2,2,4,0,1,2,2,0,1,2
0536b,0350a,1,0,1,2,2,2,0,3,2,3,2,1,0,1,2,1,3,2
1334a,0456c,3,1,1,0,2,3,0,2,2,2,2,1,0,2,3,0,3,2
0404c,0927c,0,2,1,3,2,2,0,4,2,2,1,0,2,2,1,0,1,2
0539a,1365a,2,4,1,3,2,2,1,2,2,3,4,1,3,2,1,0,3,2
1513c,1208b,1,1,1,0,1,2,1,1,2,1,0,1,0,2,1,0,1,1
0306b,1507b,2,1,0,2,2,2,0,2,2,1,0,1,1,2,2,3,0,2
1528c,1237c,0,1,1,3,2,2,0,0,2,2,1,0,2,2,2,0,1,2
1398c,1219c,2,1,1,0,2,2,2,1,1,2,4,0,1,2,3,0,1,2
1284b,0411b,1,1,1,3,0,2,0,1,2,1,2,1,1,2,2,0,1,2
0587b,0551a,0,1,1,0,2,1,1,0,1,2,1,1,1,2,0,1,3,2
1212a,0873a,2,1,1,0,0,2,2,2,1,2,2,0,2,2,2,3,0,2
0537a,1375a,3,1,1,3,2,2,2,1,2,1,0,1,1,2,2,0,3,2
1328a,0390a,3,1,1,2,2,3,0,0,2,0,0,1,0,1,2,1,2,2
1164a,0439a,2,1,0,2,2,1,1,1,2,3,1,2,4,2,2,3,2,2
1454b,0414c,2,1,1,3,2,2,1,0,2,0,1,1,0,2,2,1,3,2
1352b,1178b,2,1,1,3,2,2,2,1,2,3,0,1,3,2,2,3,1,2
1282b,1153c,2,2,1,3,2,2,0,2,2,2,1,1,0,1,2,0,1,2
0328b,0434c,0,2,1,1,2,3,0,3,2,0,1,0,2,2,3,0,3,2
0327c,1122a,1,1,1,1,2,1,1,2,1,2,1,1,3,0,1,0,2,1
0456b,1567c,0,1,1,1,2,2,0,1,1,2,4,1,4,2,2,0,2,2
0525a,1440b,1,2,1,3,2,1,1,1,1,0,4,0,2,0,2,0,4,1
0892a,0556a,1,0,1,1,2,3,0,0,2,2,1,1,1,0,2,0,4,1
0373a,1240b,3,0,1,0,0,2,0,2,2,1,1,1,1,0,1,0,3,2
0381a,0440c,1,0,1,3,2,2,0,3,2,3,4,1,0,2,1,0,4,2
1197a,1181b,1,4,1,3,0,2,1,0,2,2,1,0,2,2,1,1,0,2
1307a,1502b,1,1,1,3,2,2,0,1,1,3,4,1,3,2,2,0,4,2
0338b,0373b,2,1,1,3,2,1,0,3,2,2,1,1,1,2,1,0,0,1
1411a,1237b,2,0,1,1,2,2,1,1,2,3,0,1,1,2,2,0,0,2
0471a,0483b,1,4,1,1,2,3,0,1,2,1,1,1,0,0,3,1,2,1
0458b,1155c,3,2,1,3,2,2,1,3,2,1,0,1,0,2,0,0,3,2
1499b,1377c,2,1,1,2,2,2,3,4,2,2,1,0,2,2,3,0,3,2
0485b,0434a,2,1,1,0,1,1,0,2,2,3,0,0,2,0,3,3,0,2
0472c,1267a,2,1,1,1,2,2,3,2,2,2,1,1,0,2,2,2,2,1
1229b,1413b,1,1,1,3,2,2,0,2,2,0,1,1,0,2,1,0,2,2
1253a,0350c,3,0,1,0,2,2,3,2,2,2,0,1,0,1,1,0,2,2
1207c,1531a,3,1,1,1,2,2,1,2,1,2,0,1,0,2,3,0,3,2
1308c,0403a,0,1,2,4,2,2,0,3,2,2,0,2,1,0,1,0,1,1
1255a,1374c,1,1,1,0,2,2,1,0,1,3,0,1,0,2,1,0,3,2
0307c,0429b,1,1,1,1,2,2,2,3,2,1,1,1,3,2,3,1,4,2
1429b,0555b,2,1,1,0,0,2,0,1,1,1,1,1,0,1,2,0,2,2
1531a,1546a,2,0,1,0,2,3,0,3,2,1,1,0,3,2,1,1,2,1
1454b,0351c,2,1,1,3,2,2,1,0,2,1,0,1,0,2,2,1,2,2
1259c,0405b,0,1,1,0,0,2,2,1,1,1,0,1,4,0,2,0,1,2
1193a,1544a,1,4,1,3,2,3,1,1,2,3,4,1,0,2,2,3,4,2
0372b,0387a,1,1,1,3,1,2,1,2,2,0,1,0,2,0,1,2,2,2
1521a,0492c,2,2,1,0,2,2,1,1,2,2,0,1,1,2,1,0,1,2
0316a,1374a,2,1,2,3,2,3,1,2,2,3,2,0,2,2,3,0,4,2
0421a,0368c,3,2,1,3,2,3,3,3,2,3,1,0,2,2,3,2,2,2
0514c,1152a,3,1,0,2,2,2,0,1,2,3,4,0,2,2,1,0,2,2
1237c,0340b,2,1,0,2,2,2,0,1,2,1,4,1,1,2,1,0,3,2
1517c,1398c,3,0,1,0,2,2,1,4,2,2,1,1,0,2,2,2,1,1
0539a,0307a,2,4,1,3,2,2,1,2,2,2,0,1,3,2,2,0,4,2
1442a,0327c,3,2,1,0,2,2,0,1,2,1,1,1,1,2,1,1,2,1
1409b,0315a,1,1,1,3,2,3,3,1,2,2,4,0,2,2,3,0,3,2
1450c,0516b,3,0,1,1,2,1,1,3,2,0,1,0,2,2,2,0,1,2
1341a,1443c,0,2,1,0,2,2,0,2,2,0,1,1,1,2,1,1,2,1
0472b,1099a,2,1,1,0,2,1,1,2,2,2,1,1,3,0,2,2,3,2
0491a,1551b,2,1,1,1,2,1,0,2,1,1,1,1,0,2,1,1,1,1
0577a,0379c,2,1,1,0,2,2,0,1,2,2,1,1,2,2,2,0,3,2
1411a,0547a,2,0,1,1,2,2,1,1,2,2,2,0,1,2,2,0,1,2
1361b,1411b,1,0,1,3,2,2,0,4,2,3,1,1,3,2,3,1,1,2
1302a,1488a,2,1,1,3,2,2,0,0,2,1,1,1,0,2,3,0,0,2
1444b,1086b,1,0,1,1,2,2,0,0,1,0,1,1,1,2,2,1,0,1
1135b,0375a,3,1,1,0,2,3,1,1,2,3,0,1,3,2,2,0,4,2
1375b,0522b,1,4,1,3,2,2,0,3,2,2,1,0,2,2,2,0,4,2
1181a,1174a,1,0,1,0,2,1,0,2,2,1,1,1,1,2,3,0,4,2
0472c,0898b,2,1,1,1,2,2,3,2,2,2,0,1,0,0,3,0,2,2
1493a,0435b,2,1,1,0,1,2,0,3,2,2,1,0,2,2,2,1,0,2
1171b,0340a,2,4,1,3,2,1,1,3,2,3,0,1,0,2,3,1,2,2
0458b,0969b,3,2,1,3,2,2,1,3,2,2,0,1,1,2,1,1,2,1
1296c,1475b,1,1,1,3,0,2,1,0,2,3,1,0,3,2,2,0,3,2
1489c,1230b,2,4,1,0,2,2,1,1,2,1,1,0,3,2,2,1,3,2
0363b,0317a,1,1,1,1,2,1,0,1,1,1,1,0,2,0,1,1,2,1
0422a,1268c,1,1,1,0,2,1,0,0,2,2,1,1,3,2,3,0,4,2
1209c,0549c,2,1,1,3,2,3,3,4,2,3,1,1,3,3,3,3,4,2
0463b,1406c,0,0,0,3,2,3,0,3,2,1,0,1,4,0,2,3,2,2
0445a,0911c,2,2,1,0,0,2,0,3,2,2,4,2,3,2,3,3,2,2
1378b,1255a,3,1,1,3,2,2,1,3,2,1,1,1,0,2,2,1,0,1
0375b,0366b,1,3,0,1,0,2,0,2,1,3,1,2,4,3,2,0,2,2
1243a,0429a,1,0,1,3,2,2,1,3,2,2,0,1,3,2,3,0,4,2
1308c,0594b,0,1,2,4,2,2,0,3,2,0,0,0,3,2,0,0,3,2
0471b,1152c,0,0,1,0,1,2,0,2,2,0,0,1,1,2,1,1,1,1
1231a,1513b,1,2,1,0,2,2,1,0,2,2,0,1,3,2,3,0,2,2
0383a,1348c,0,1,0,2,2,1,1,4,2,1,3,1,1,2,2,2,0,1
0336c,1488b,3,2,1,2,2,2,0,1,1,2,2,1,0,0,2,1,1,1
1097a,0314c,3,2,1,0,2,2,0,4,2,1,1,1,3,2,0,0,0,2
1371c,0314a,2,1,1,0,2,3,2,3,2,1,1,1,0,2,1,2,1,1
0334a,1146a,2,0,1,0,2,3,0,0,2,0,4,1,0,2,2,1,0,2
1504b,0873b,3,1,1,3,1,2,0,4,2,3,0,2,3,0,2,0,3,2
1261b,1378a,3,4,1,0,2,2,0,2,2,3,4,1,3,2,3,0,0,2
1240a,1212a,1,0,1,3,2,2,3,1,2,2,1,1,0,0,2,2,2,1
1134a,0457a,2,0,1,3,2,2,1,0,2,2,3,1,3,2,2,0,1,2
1227b,0550c,3,1,1,3,2,1,0,4,2,2,0,1,1,2,2,0,4,2
1367c,1196a,1,1,1,3,2,0,0,3,2,0,1,1,3,2,2,2,1,1
1329b,1325c,1,1,1,3,2,2,3,0,2,1,4,1,3,2,3,1,2,2
0370a,0450b,3,0,1,0,1,3,1,1,2,1,2,0,1,0,2,0,2,1
1300a,1545b,1,1,1,1,2,2,0,1,2,2,1,1,0,0,2,0,1,2
0381a,0319a,1,0,1,3,2,2,0,3,2,2,4,1,0,2,3,1,2,2
1371c,0540a,2,1,1,0,2,3,2,3,2,3,3,1,1,2,3,0,3,2
0593a,1124c,3,1,1,0,2,2,3,0,2,3,1,1,0,2,0,1,2,2
1451c,1431a,0,0,1,0,2,2,0,0,2,3,1,1,3,2,1,3,0,2
1370a,0377a,2,1,1,3,0,2,0,1,2,1,4,1,1,2,2,0,1,2
1452b,1365a,1,0,1,3,2,2,0,2,2,3,4,1,3,2,1,0,3,2
0377a,1495a,1,4,1,1,2,2,0,1,2,2,1,0,3,2,1,0,3,2
0331a,0347b,3,1,0,0,2,2,3,2,2,1,1,0,0,0,2,2,0,1
0536a,1546c,2,1,1,0,2,3,0,4,2,3,0,1,0,2,1,1,3,2
0396b,0337c,2,1,0,1,2,2,1,3,2,3,4,1,1,2,1,1,3,2
1097a,0301a,3,2,1,0,2,2,0,4,2,1,0,1,0,2,2,1,4,2
1377b,1406c,0,1,1,0,1,2,1,0,2,1,0,1,4,0,2,3,2,2
1444b,0595c,1,0,1,1,2,2,0,0,1,3,1,1,3,2,3,3,4,2
1307b,0375b,3,4,1,0,2,3,1,1,2,1,3,0,1,0,2,0,2,1
1155b,1125b,1,1,1,3,0,1,1,2,1,1,1,2,4,3,2,1,2,1
0538a,0514c,2,1,0,3,2,2,1,4,2,3,1,0,2,2,2,0,1,2
1565a,0507b,2,4,1,3,2,2,0,1,2,0,1,1,3,2,1,1,4,2
0403c,1549c,1,0,0,0,2,2,0,3,2,0,2,1,3,2,2,1,4,2
1443c,1259b,0,1,1,1,2,1,1,2,1,1,0,1,3,2,1,2,2,1
1137b,0923c,3,1,1,3,2,1,0,0,2,1,1,1,2,2,3,0,4,2
1137a,1289a,1,1,1,0,2,1,0,1,2,2,1,1,0,2,3,0,3,2
1472c,1039c,2,0,1,3,2,2,1,1,2,2,4,1,0,2,2,3,1,2
1429b,1155b,2,1,1,0,0,2,0,1,1,1,1,1,3,0,1,1,2,1
0321c,1237b,2,1,1,2,2,2,0,2,2,3,0,1,1,2,2,0,0,2
1323a,0463b,2,0,1,1,2,3,2,3,2,0,0,0,3,2,3,0,3,2
1222c,1307b,0,1,1,0,2,2,1,2,1,3,4,1,0,2,3,1,1,2
1224c,0569b,1,0,1,1,2,1,1,2,2,0,0,1,2,2,1,1,1,2
1137a,1458a,1,1,1,0,2,1,0,1,2,0,1,1,3,2,2,1,1,2
1381a,0911b,1,4,0,1,2,2,0,1,2,1,3,1,1,2,2,2,1,1
1352a,0924a,2,2,1,1,2,2,1,4,2,2,2,1,3,1,2,1,2,2
0580b,0463b,1,1,0,2,2,2,3,3,2,0,0,0,3,2,3,0,3,2
0571b,1495a,0,1,1,0,2,2,0,0,2,2,1,0,3,2,1,0,3,2
0496c,1253a,3,4,1,3,2,2,0,1,2,3,0,1,0,2,2,3,2,2
0355a,1114a,3,2,1,3,2,3,0,3,2,2,1,1,3,0,2,2,0,1
1517a,1521a,2,1,1,1,2,2,0,2,2,2,2,1,0,2,2,1,1,2
1367a,1176a,2,0,1,1,2,2,3,2,2,2,0,2,4,2,2,1,3,2
0569c,1468c,1,1,1,0,2,2,3,3,2,1,2,1,3,2,2,0,4,2
1181a,1267a,1,0,1,0,2,1,0,2,2,2,1,1,0,2,2,2,2,1
1108b,0317a,2,2,0,2,2,1,0,0,2,1,1,0,2,0,1,1,2,1
0923a,0328a,2,1,1,1,1,2,0,2,2,3,1,0,2,2,3,0,2,2
1463a,0550a,2,1,1,0,2,2,1,1,1,3,4,1,3,2,2,0,0,2
0491b,1554c,2,1,1,0,2,1,1,0,2,3,0,1,3,2,2,1,1,2
0491c,0551c,2,2,1,0,2,2,0,4,2,3,2,1,0,0,2,0,2,2
0938b,1271a,2,1,0,2,2,1,1,2,2,1,1,1,2,0,1,1,4,1
0451a,1230a,2,1,1,0,2,1,0,0,2,0,1,1,0,2,2,0,3,2
1261b,1231b,3,4,1,0,2,2,0,2,2,0,0,1,0,2,2,0,1,2
1375a,1442b,1,0,1,1,2,2,0,3,2,2,2,1,3,2,2,1,4,2
1364b,1481a,3,1,1,3,2,2,1,1,2,3,1,1,1,2,2,0,3,2
0381b,1442c,3,1,1,0,2,3,0,4,2,1,1,1,0,0,2,0,2,1
1517a,0338a,2,1,1,1,2,2,0,2,2,2,4,1,0,2,3,0,1,2
0392b,1501a,1,2,1,0,2,2,2,0,1,1,3,1,0,2,3,1,3,2
1153a,1097a,0,1,1,1,2,2,0,0,2,3,2,1,0,2,2,0,4,2
0483b,0469b,1,1,1,0,0,3,1,2,1,3,2,1,2,0,2,1,1,1
0374b,1344c,1,4,1,3,2,2,0,1,2,3,1,1,3,2,2,1,4,2
1482b,1344a,1,1,1,3,2,2,1,0,2,1,1,1,0,2,3,0,3,2
0314b,1146b,0,0,1,0,2,2,0,2,2,2,0,1,3,2,1,1,1,2
1545a,1314a,0,1,1,0,2,2,1,2,2,1,1,1,1,2,1,0,4,2
1368b,0924b,3,1,1,1,2,2,3,4,2,1,0,1,3,0,2,1,0,1
0375a,1155b,3,0,1,3,2,2,0,4,2,1,1,1,3,0,1,1,2,1
0414a,0306b,3,2,1,0,2,2,0,2,2,2,1,0,2,2,2,0,2,2
0334c,0336c,1,4,1,3,0,2,0,0,2,3,2,1,2,2,2,0,1,1
1426c,0471a,1,0,1,0,2,3,1,2,2,1,4,1,1,2,3,0,1,2
1485a,1546c,3,4,1,0,2,2,2,2,2,3,0,1,0,2,1,1,3,2
1475b,1201a,3,1,0,3,2,2,0,3,2,0,1,1,0,2,2,2,3,2
0445c,0386a,2,4,1,3,0,2,0,4,2,1,2,1,0,0,2,3,0,2
1364b,0334a,3,1,1,3,2,2,1,1,2,2,0,1,0,2,3,0,0,2
0489c,0506b,1,1,1,1,2,2,1,2,1,2,2,1,2,2,2,1,0,1
0314b,1365c,0,0,1,0,2,2,0,2,2,2,2,1,1,2,2,1,2,2
1386a,1547a,1,1,1,0,2,2,0,3,2,2,4,1,1,2,1,0,2,2
1219b,0532b,2,0,1,0,2,1,0,3,2,2,1,1,3,0,2,0,1,1
1432c,1328a,2,2,1,0,2,2,0,2,2,3,1,1,2,2,3,0,0,2
0349a,1432a,3,1,1,1,2,1,0,1,2,2,4,1,0,2,1,0,1,2
1445a,1171a,0,1,1,3,2,2,0,3,2,1,2,1,3,2,3,0,0,2
0471a,1394c,1,4,1,1,2,3,0,1,2,3,2,1,0,2,2,3,2,1
0587a,0525a,1,1,1,2,2,2,2,0,2,1,2,1,3,2,1,1,1,1
1086b,0368b,0,1,1,1,2,2,1,0,1,3,0,1,3,0,2,1,2,2
0359a,0367c,2,1,1,0,2,2,0,2,2,3,1,1,3,2,2,0,1,2
0560a,1497c,2,4,1,0,0,2,0,3,2,2,0,1,3,2,2,3,4,2
0307b,1460a,3,0,1,0,2,2,1,2,2,2,1,1,1,0,2,0,0,2
0321a,1425c,2,1,1,3,2,1,1,2,1,1,4,1,1,2,1,0,1,2
0411c,0475a,2,1,1,3,2,1,0,4,2,0,1,1,2,2,2,1,4,2
0503a,1520a,2,1,1,0,2,3,0,2,2,3,2,1,3,2,2,0,2,2
0552a,0562a,2,1,1,0,2,2,1,2,1,0,1,1,3,2,2,1,4,2
1230a,0333b,0,1,1,0,2,2,0,3,2,2,1,1,0,2,3,1,1,2
1240a,1485c,1,0,1,3,2,2,3,1,2,3,4,1,3,2,3,1,3,2
0396b,0434a,2,1,0,1,2,2,1,3,2,3,0,0,2,0,3,3,0,2
1373a,0969a,3,4,1,3,2,2,2,1,2,2,2,1,1,2,2,1,2,1
1375b,0560a,1,4,1,3,2,2,0,3,2,2,4,1,0,0,2,0,3,2
1341a,1237c,0,2,1,0,2,2,0,2,2,2,1,0,2,2,2,0,1,2
0584a,1471b,1,1,1,1,2,2,0,0,2,1,0,1,0,2,2,0,4,2
1382a,1409b,2,0,1,0,2,2,1,3,2,1,1,1,3,2,3,3,1,2
0456b,1408c,0,1,1,1,2,2,0,1,1,0,1,1,0,0,2,0,2,1
1294a,0405b,1,0,1,0,2,1,0,0,1,1,0,1,4,0,2,0,1,2
0969a,1194a,2,2,1,1,2,2,1,2,1,3,1,1,1,2,1,1,2,1
1227b,0348b,3,1,1,3,2,1,0,4,2,1,1,1,1,0,1,0,2,1
1144b,0451b,1,2,1,0,2,2,1,2,2,2,1,1,3,0,2,1,2,1
0923a,0355b,2,1,1,1,1,2,0,2,2,1,4,1,0,0,2,1,1,1
1534b,1248c,1,1,1,3,2,2,1,1,2,1,1,1,1,2,2,1,2,2
1123c,1432b,3,4,1,3,2,2,1,4,2,3,1,1,0,1,2,1,4,2
1253a,1383b,3,0,1,0,2,2,3,2,2,3,2,1,3,0,2,1,2,1
0567b,0312b,1,2,1,0,2,2,1,2,1,1,1,0,1,2,2,2,4,2
1446a,0562a,1,1,1,3,2,2,1,2,2,0,1,1,3,2,2,1,4,2
0556a,0569b,2,1,1,1,0,2,0,4,1,0,0,1,2,2,1,1,1,2
0313c,1252c,0,1,1,3,2,2,1,1,1,1,2,1,0,2,2,1,1,1
1393a,1208b,2,4,1,0,2,2,0,4,2,1,0,1,0,2,1,0,1,1
1512b,0577b,2,0,1,0,2,2,0,0,2,2,1,0,3,2,2,1,2,2
1164a,0540a,2,1,0,2,2,1,1,1,2,3,3,1,1,2,3,0,3,2
1367a,0547a,2,0,1,1,2,2,3,2,2,2,2,0,1,2,2,0,1,2
0324a,0387b,0,2,1,0,1,2,1,3,2,2,2,0,1,0,1,0,2,1
1204a,1557a,0,0,1,0,2,2,1,0,2,2,1,2,3,3,2,0,1,2
0390c,0911c,2,0,1,0,1,2,1,3,2,2,4,2,3,2,3,3,2,2
0419a,0587a,0,1,1,1,2,2,0,1,2,1,1,1,2,2,2,2,0,2
1557a,1176a,2,1,2,3,3,2,0,1,2,2,0,2,4,2,2,1,3,2
1201b,1567b,2,0,1,0,2,3,0,4,2,3,1,0,2,2,2,0,0,2
1374a,1198a,3,2,0,2,2,3,0,4,2,3,0,2,4,2,2,0,4,2
1501c,1226c,0,1,1,0,0,2,1,2,1,2,0,0,0,0,2,0,0,2
0472c,1487c,2,1,1,1,2,2,3,2,2,3,1,1,3,0,1,0,0,1
1302a,0550c,2,1,1,3,2,2,0,0,2,2,0,1,1,2,2,0,4,2
0450c,1165c,1,1,0,0,0,1,0,1,1,3,0,2,4,0,2,3,2,2
1344a,1343a,1,1,1,0,2,3,0,3,2,2,0,1,0,2,1,0,0,2
1447c,0535a,1,1,0,1,2,2,2,2,2,2,4,1,1,2,2,2,1,1
0386a,0549b,1,2,1,0,0,2,3,0,2,0,1,0,2,2,3,3,4,2
0885c,0535c,2,1,1,0,1,3,0,0,2,1,2,1,3,2,1,3,3,2
1368b,0315b,3,1,1,1,2,2,3,4,2,2,1,0,2,2,1,1,3,2
0600a,1330a,2,1,1,0,2,1,0,3,2,3,2,1,3,2,2,0,0,2
1364c,1377a,2,2,1,0,2,2,1,3,2,2,2,1,3,0,3,0,2,2
1424a,1520c,3,4,1,0,2,2,1,2,2,2,1,1,3,1,2,0,1,2
1191b,0466c,3,4,0,1,2,1,0,3,2,3,1,1,2,2,1,2,0,1
1229c,1517c,2,1,0,0,2,2,1,2,2,3,0,1,0,2,2,1,4,2
1097a,1547a,3,2,1,0,2,2,0,4,2,2,4,1,1,2,1,0,2,2
0489b,0401b,1,0,1,0,2,3,3,4,2,2,0,2,3,2,3,3,2,2
1563a,1191c,0,1,1,3,2,3,0,0,2,3,4,1,3,2,3,3,4,2
1201b,1152c,2,0,1,0,2,3,0,4,2,0,0,1,1,2,1,1,1,1
1540b,1134a,1,1,1,0,2,2,1,3,2,2,0,1,3,2,2,1,0,2
1543a,0379c,3,1,1,0,2,2,0,4,2,2,1,1,2,2,2,0,3,2
1471b,0313c,1,0,1,0,2,2,0,4,2,0,1,1,3,2,2,1,1,1
1382a,0474b,2,0,1,0,2,2,1,3,2,2,1,1,3,2,3,3,3,2
1554a,0440b,2,1,1,2,2,1,0,1,2,2,1,1,2,0,2,1,0,1
0538a,1495a,2,1,0,3,2,2,1,4,2,2,1,0,3,2,1,0,3,2
1426b,0445a,2,1,1,0,2,1,0,4,2,2,2,1,0,0,2,0,3,2
1454b,0515a,2,1,1,3,2,2,1,0,2,1,1,1,3,2,2,2,2,1
1178a,0440b,3,4,1,3,0,2,0,3,2,2,1,1,2,0,2,1,0,1
0550a,1408c,3,4,1,3,2,2,0,0,2,0,1,1,0,0,2,0,2,1
1425c,1449c,1,4,1,1,2,1,0,1,2,1,1,1,0,0,3,2,2,1
0456a,0374a,2,1,0,2,2,2,0,3,2,2,2,0,0,2,1,3,3,2
1443c,1511c,0,1,1,1,2,1,1,2,1,1,1,0,1,0,3,1,0,1
0525c,0463b,1,1,1,2,2,1,2,1,1,0,0,0,3,2,3,0,3,2
1480c,1224b,0,0,1,1,2,2,1,2,2,2,4,2,4,3,3,3,4,2
1220b,1036b,0,1,1,1,2,3,1,2,1,2,2,0,2,2,2,0,0,2
1431a,0585c,3,1,1,3,2,1,3,0,2,0,1,0,2,2,1,1,0,2
1518a,1441a,2,2,1,3,2,2,0,1,2,1,1,1,1,2,2,2,1,2
0331b,0381a,3,1,1,0,2,2,0,0,2,1,0,1,3,2,2,0,3,2
1103a,0323b,3,2,0,1,0,1,1,2,1,3,0,0,1,0,3,1,1,1
0379c,1123c,2,1,1,2,2,2,0,3,2,3,4,1,3,2,2,1,4,2
0327c,1368c,1,1,1,1,2,1,1,2,1,2,1,1,3,0,1,2,0,1
1340c,1198b,1,0,0,0,2,1,1,2,2,1,0,1,3,2,0,2,2,1
1193a,1196b,1,4,1,3,2,3,1,1,2,0,2,1,0,2,2,1,2,1
1230a,1267c,0,1,1,0,2,2,0,3,2,1,0,1,0,2,2,0,1,1
0404c,1414c,0,2,1,3,2,2,0,4,2,1,0,1,1,3,1,1,2,1
1452b,1494a,1,0,1,3,2,2,0,2,2,1,0,1,1,2,2,0,1,2
1423a,1181c,3,1,1,1,2,2,2,1,1,2,2,1,0,0,3,0,4,2
0353a,0347a,2,1,1,3,1,2,0,2,2,2,4,1,3,0,3,1,4,1
0594a,0453c,3,2,1,0,2,2,1,4,2,1,1,1,2,0,1,1,2,1
0372b,0301c,1,1,1,3,1,2,1,2,2,3,1,1,4,0,2,0,1,2
1174a,0560a,1,1,1,1,2,3,0,4,2,2,4,1,0,0,2,0,3,2
1366c,1551b,0,1,1,0,2,2,1,1,1,1,1,1,0,2,1,1,1,1
1513c,0434c,1,1,1,0,1,2,1,1,2,0,1,0,2,2,3,0,3,2
1446a,1336a,1,1,1,3,2,2,1,2,2,0,1,1,2,2,2,0,0,2
1425c,1557a,1,4,1,1,2,1,0,1,2,2,1,2,3,3,2,0,1,2
1257b,0451b,3,4,1,0,2,2,0,3,2,2,1,1,3,0,2,1,2,1
1134b,0555b,3,4,1,1,2,2,0,2,2,1,1,1,0,1,2,0,2,2
1274a,1394a,1,1,1,1,2,2,0,3,2,2,1,1,3,2,2,1,1,1
0456b,0569a,0,1,1,1,2,2,0,1,1,1,1,0,2,2,3,0,3,2
0372a,1521c,1,1,1,3,2,1,0,1,1,0,1,1,2,2,2,1,0,2
1475b,0328b,3,1,0,3,2,2,0,3,2,0,2,1,1,2,3,0,3,2
0424a,0318b,1,2,1,3,2,2,0,1,2,1,2,1,0,0,2,0,0,2
0445a,1140b,2,2,1,0,0,2,0,3,2,0,0,1,3,0,1,1,2,1
0521a,0885c,2,1,1,1,2,1,3,0,2,2,1,1,0,1,3,0,0,2
0553b,1371c,2,1,1,0,0,2,1,1,1,2,1,1,0,2,3,2,3,2
0563c,1174b,1,4,1,1,0,3,0,2,2,2,0,1,3,3,2,1,4,2
1171b,0576b,2,4,1,3,2,1,1,3,2,1,1,1,3,0,2,3,0,2
1227a,0551c,1,1,1,3,2,1,0,1,2,3,2,1,0,0,2,0,2,2
0315a,1392a,2,4,0,2,2,3,0,3,2,2,4,1,1,0,2,3,2,1
0556a,1176a,2,1,1,1,0,2,0,4,1,2,0,2,4,2,2,1,3,2
0489c,1549c,1,1,1,1,2,2,1,2,1,0,2,1,3,2,2,1,4,2
1417b,0969b,3,4,1,0,2,3,0,3,2,2,0,1,1,2,1,1,2,1
1367b,1319b,1,1,0,1,2,1,0,3,2,2,4,2,3,2,2,2,1,2
1516a,1554b,2,0,1,0,2,2,1,1,2,2,1,1,1,2,2,1,1,1
0413a,1383b,1,1,1,1,2,3,0,1,1,3,2,1,3,0,2,1,2,1
0354a,0521c,2,1,1,4,2,1,0,4,2,3,1,2,1,0,2,1,3,2
0562c,1533c,3,0,1,3,2,1,0,2,2,1,2,1,3,2,1,0,1,1
0457b,0510b,1,4,0,1,0,2,0,1,1,0,1,1,3,0,3,3,3,1
0335a,0538c,1,1,1,2,2,2,1,0,2,2,2,1,0,2,2,2,1,2
1173c,1484c,1,2,1,3,0,2,0,2,2,1,1,1,0,0,1,2,2,1
0563a,1240b,1,1,1,1,0,2,0,2,1,1,1,1,1,0,1,0,3,2
1231a,1096a,1,2,1,0,2,2,1,0,2,2,1,1,1,2,3,0,4,2
1494a,0432a,1,0,1,1,2,2,0,1,2,3,0,1,3,2,2,1,2,2
1391a,0517c,3,4,1,3,2,3,0,3,2,1,1,1,3,0,2,3,2,1
1230b,1551c,1,1,0,3,2,2,1,3,2,2,4,1,3,2,2,3,2,2
1549c,0473c,0,2,1,3,2,2,1,4,2,1,1,1,3,2,3,2,4,1
1517a,1231c,2,1,1,1,2,2,0,2,2,1,4,1,3,2,2,1,3,2
0461a,1391b,3,1,1,3,0,2,0,0,2,3,4,1,0,2,2,1,4,2
1207c,0517a,3,1,1,1,2,2,1,2,1,3,0,1,0,2,0,1,1,2
0896a,1365a,3,1,1,1,2,3,0,3,2,3,4,1,3,2,1,0,3,2
0466c,1408b,3,1,1,2,2,1,2,0,1,1,1,0,1,0,3,0,2,1
1513b,0445b,2,0,1,3,2,3,0,2,2,1,1,1,3,2,1,1,1,1
1220b,1091a,0,1,1,1,2,3,1,2,1,3,1,2,4,2,2,3,4,2
1257a,1391a,2,1,1,2,2,1,0,3,2,3,4,1,3,2,3,0,3,2
0345a,0538b,0,1,1,0,0,2,0,2,2,1,1,1,3,2,1,2,1,2
0373a,0314a,3,0,1,0,0,2,0,2,2,1,1,1,0,2,1,2,1,1
0348a,1408c,3,0,1,0,2,1,0,4,2,0,1,1,0,0,2,0,2,1
0314c,0911b,1,1,1,3,2,0,0,0,2,1,3,1,1,2,2,2,1,1
1543a,1411c,3,1,1,0,2,2,0,4,2,0,1,1,3,2,3,0,2,2
1451b,1204b,3,1,1,3,2,3,3,3,2,2,1,1,3,1,3,0,4,2
1350a,0518b,3,1,1,0,2,3,1,2,1,1,1,1,0,0,1,1,2,1
1416b,1475b,2,0,1,0,2,2,1,2,2,3,1,0,3,2,2,0,3,2
1229b,1482b,1,1,1,3,2,2,0,2,2,1,1,1,3,2,2,1,0,2
0381b,0318b,3,1,1,0,2,3,0,4,2,1,2,1,0,0,2,0,0,2
1451c,0459b,0,0,1,0,2,2,0,0,2,2,0,1,0,2,3,1,3,2
1447b,0383a,1,4,1,0,2,2,2,1,1,0,1,0,2,2,1,1,4,2
0927a,0370a,1,0,1,0,0,2,0,2,1,3,0,1,0,1,3,1,1,2
0421b,0594c,2,0,1,1,0,2,0,0,2,0,4,2,4,2,2,0,3,2
0571a,1567b,2,4,1,3,2,3,0,1,2,3,1,0,2,2,2,0,0,2
1267b,1381a,2,2,1,2,2,2,0,1,2,1,4,0,1,2,2,0,1,2
1432b,0569a,3,1,1,0,1,2,1,4,2,1,1,0,2,2,3,0,3,2
1453a,0318b,1,1,1,3,2,2,0,4,2,1,2,1,0,0,2,0,0,2
0449c,0537b,1,0,1,3,2,3,0,0,2,2,1,0,3,0,2,1,4,2
1144c,1259c,1,1,1,2,2,1,0,0,2,0,1,1,0,0,2,2,1,1
0597b,1416c,2,4,1,3,2,3,0,3,2,1,4,1,3,2,3,1,4,2
1444a,0924a,0,1,1,0,2,3,0,3,2,2,2,1,3,1,2,1,2,2
1551a,0373c,0,1,1,0,2,2,3,3,2,3,0,1,3,2,3,1,4,2
1465a,1409c,3,4,1,0,2,2,3,2,2,0,2,1,0,0,2,1,2,1
1129b,1252c,3,1,1,0,2,2,1,4,1,1,2,1,0,2,2,1,1,1
0576b,0873b,1,1,1,3,0,2,3,0,2,3,0,2,3,0,2,0,3,2
0440b,0316a,2,1,1,2,0,2,1,0,1,2,1,2,3,2,3,1,2,2
1562b,1538c,1,2,1,0,0,2,0,2,2,0,2,1,0,2,1,1,0,2
1237a,0587b,2,1,0,1,2,2,0,1,2,0,1,1,0,2,1,1,0,1
1468a,1552a,1,1,1,2,2,2,0,0,2,3,0,1,1,2,2,1,1,2
1253a,0859a,3,0,1,0,2,2,3,2,2,2,0,1,3,2,0,0,3,2
1378a,1405b,3,4,1,3,2,3,0,0,2,1,1,1,0,0,2,1,1,1
0560c,0896a,1,1,1,0,2,1,1,0,2,3,1,1,1,2,3,0,3,2
0440b,1374a,2,1,1,2,0,2,1,0,1,3,2,0,2,2,3,0,4,2
0458c,0557c,3,0,1,0,2,2,0,3,2,1,1,1,0,2,1,0,2,1
0517c,0350a,1,1,1,3,0,2,3,2,1,3,2,1,0,1,2,1,3,2
0553b,1209c,2,1,1,0,0,2,1,1,1,2,1,1,3,2,3,3,4,2
1507b,1430b,1,0,1,1,2,2,3,0,2,1,1,1,1,1,2,0,3,2
1543a,1352b,3,1,1,0,2,2,0,4,2,2,1,1,3,2,2,2,1,2
0472b,0538a,2,1,1,0,2,1,1,2,2,2,1,0,3,2,2,1,4,2
1137a,1447a,1,1,1,0,2,1,0,1,2,2,1,1,3,2,1,1,0,2
1425c,1099c,1,4,1,1,2,1,0,1,2,2,4,0,2,2,2,0,3,2
0560c,0587a,1,1,1,0,2,1,1,0,2,1,1,1,2,2,2,2,0,2
0547a,0317a,2,2,0,1,2,2,0,1,2,1,1,0,2,0,1,1,2,1
1329b,0322b,1,1,1,3,2,2,3,0,2,1,1,1,3,1,2,0,1,2
0488b,0390c,2,0,0,0,2,1,0,0,2,2,0,1,0,1,2,1,3,2
0373b,0469a,2,1,1,1,2,1,0,0,1,2,3,1,1,2,2,3,4,2
1137a,0483a,1,1,1,0,2,1,0,1,2,2,2,1,3,2,2,0,1,1
0379c,1463c,2,1,1,2,2,2,0,3,2,1,2,1,0,2,2,0,1,2
0324c,0569b,1,1,0,4,2,2,0,3,2,0,0,1,2,2,1,1,1,2
0396c,1208a,3,1,1,0,2,2,3,2,2,0,4,1,0,0,2,0,2,2
1146a,1391a,0,4,1,0,2,2,1,0,2,3,4,1,3,2,3,0,3,2
0563a,1319b,1,1,1,1,0,2,0,2,1,2,4,2,3,2,2,2,1,2
0450c,1152c,1,1,0,0,0,1,0,1,1,0,0,1,1,2,1,1,1,1
0517c,0392b,1,1,1,3,0,2,3,2,1,1,2,1,0,2,2,2,0,1
1367a,1273a,2,0,1,1,2,2,3,2,2,1,2,1,0,0,2,1,0,2
1253c,1198a,2,0,0,2,2,2,0,0,2,3,0,2,4,2,2,0,4,2
1314a,0344c,1,1,1,1,2,1,0,4,2,1,1,0,2,2,2,1,0,2
1408b,1414c,1,1,0,1,0,3,0,2,1,1,0,1,1,3,1,1,2,1
0319a,0368c,2,4,1,0,2,3,1,2,2,3,1,0,2,2,3,2,2,2
1378a,1114a,3,4,1,3,2,3,0,0,2,2,1,1,3,0,2,2,0,1
1482b,1382a,1,1,1,3,2,2,1,0,2,2,0,1,0,2,2,1,3,2
0449c,0357b,1,0,1,3,2,3,0,0,2,2,1,0,0,0,2,2,3,2
1465a,0866c,3,4,1,0,2,2,3,2,2,3,0,1,0,0,2,2,2,1
1461b,0969a,2,2,1,0,2,1,0,0,2,2,2,1,1,2,2,1,2,1
0517a,1348c,3,0,1,0,2,0,1,1,2,1,3,1,1,2,2,2,0,1
0314a,1165c,1,1,1,0,2,1,2,1,1,3,0,2,4,0,2,3,2,2
1364b,1325c,3,1,1,3,2,2,1,1,2,1,4,1,3,2,3,1,2,2
1282c,0469c,1,1,2,3,2,2,1,2,2,2,0,1,1,0,2,3,0,1
1262a,1152c,2,4,1,3,2,3,0,4,2,0,0,1,1,2,1,1,1,1
0597b,1240a,2,4,1,3,2,3,0,3,2,1,0,1,3,2,2,3,1,2
1504c,1567b,0,1,1,0,2,1,0,2,1,3,1,0,2,2,2,0,0,2
1520a,0492b,3,2,1,3,2,2,0,2,2,2,0,1,0,2,1,1,3,2
0562a,0318b,0,1,1,3,2,2,1,4,2,1,2,1,0,0,2,0,0,2
1491c,0314b,1,1,1,1,2,2,1,0,2,0,0,1,0,2,2,0,2,2
0547a,0457c,2,2,0,1,2,2,0,1,2,0,2,1,0,0,2,0,3,2
1441a,1504a,1,1,1,1,2,2,2,1,2,1,0,1,1,2,1,3,0,2
1147c,1164b,0,4,1,1,2,2,0,4,2,2,1,1,2,1,2,1,1,2
1442b,1358a,2,2,1,3,2,2,1,4,2,2,1,1,1,1,2,0,4,2
0969c,1367c,3,4,1,3,2,2,2,3,2,1,1,1,3,2,0,0,3,2
0313c,0927c,0,1,1,3,2,2,1,1,1,2,1,0,2,2,1,0,1,2
0456a,1334c,2,1,0,2,2,2,0,3,2,3,4,1,3,2,3,1,2,2
0363a,0383a,0,0,1,1,2,2,1,1,2,0,1,0,2,2,1,1,4,2
1240a,0343c,1,0,1,3,2,2,3,1,2,1,0,0,2,2,3,1,3,2
1227b,1374c,3,1,1,3,2,1,0,4,2,3,0,1,0,2,1,0,3,2
1171a,1546b,1,2,1,3,2,3,0,0,2,3,1,1,0,0,3,0,3,2
1164c,1146b,3,1,1,3,2,3,0,2,2,2,0,1,3,2,1,1,1,2
1431c,1532a,3,1,1,3,2,3,1,4,2,0,2,1,0,2,1,1,1,1
0330a,1350c,1,0,1,1,2,2,2,1,1,1,4,1,3,0,1,2,1,1
1352b,0459b,2,1,1,3,2,2,2,1,2,2,0,1,0,2,3,1,3,2
1240a,0549b,1,0,1,3,2,2,3,1,2,0,1,0,2,2,3,3,4,2
1222c,0525b,0,1,1,0,2,2,1,2,1,2,3,0,0,2,2,0,3,2
1374b,0460b,1,1,1,0,2,2,2,2,1,1,4,0,0,2,3,3,3,2
1546b,1155b,3,1,1,0,0,3,0,3,2,1,1,1,3,0,1,1,2,1
0600a,1107c,2,1,1,0,2,1,0,3,2,0,2,1,3,2,2,1,0,2
1486b,0594c,2,0,1,0,2,3,1,4,2,0,4,2,4,2,2,0,3,2
1365b,0469b,0,4,1,3,2,2,1,0,2,3,2,1,2,0,2,1,1,1
1134b,1497b,3,4,1,1,2,2,0,2,2,2,1,1,0,0,2,1,2,1
1546b,0593b,3,1,1,0,0,3,0,3,2,3,4,1,0,2,2,3,3,2
1307b,0439a,3,4,1,0,2,3,1,1,2,3,1,2,4,2,2,3,2,2
0451b,0587a,2,1,1,3,0,2,1,2,1,1,1,1,2,2,2,2,0,2
1107c,0327b,0,2,1,3,2,2,1,0,2,0,1,1,1,1,2,0,3,2
1144b,0472c,1,2,1,0,2,2,1,2,2,2,1,1,1,2,2,3,2,2
1452b,1497b,1,0,1,3,2,2,0,2,2,2,1,1,0,0,2,1,2,1
1381a,1361a,1,4,0,1,2,2,0,1,2,1,4,1,0,0,2,3,3,2
1445a,1260b,0,1,1,3,2,2,0,3,2,2,1,1,1,2,1,1,0,2
1446a,1314a,1,1,1,3,2,2,1,2,2,1,1,1,1,2,1,0,4,2
0587b,1124c,0,1,1,0,2,1,1,0,1,3,1,1,0,2,0,1,2,2
1197a,0463a,1,4,1,3,0,2,1,0,2,1,1,1,0,0,3,3,4,2
1484c,0431a,1,1,1,0,0,1,2,2,1,3,2,1,3,1,2,3,2,2
0471a,1220b,1,4,1,1,2,3,0,1,2,0,1,1,1,2,3,1,2,1
0471a,1350c,1,4,1,1,2,3,0,1,2,1,4,1,3,0,1,2,1,1
1543a,1417c,3,1,1,0,2,2,0,4,2,1,1,1,3,2,2,1,2,1
0411b,0537b,1,2,1,1,2,2,0,1,2,2,1,0,3,0,2,1,4,2
1221c,1555b,2,1,1,0,2,0,0,3,2,2,2,1,1,2,3,0,3,2
1381a,1273c,1,4,0,1,2,2,0,1,2,1,1,1,3,1,1,3,1,2
1533b,1309c,1,0,1,0,2,3,0,4,2,1,1,0,1,0,1,0,2,1
1431a,0866c,3,1,1,3,2,1,3,0,2,3,0,1,0,0,2,2,2,1
0333c,1409c,3,2,1,1,2,1,1,1,2,0,2,1,0,0,2,1,2,1
0355c,0301a,1,1,1,1,2,1,0,1,2,1,0,1,0,2,2,1,4,2
1426b,0550a,2,1,1,0,2,1,0,4,2,3,4,1,3,2,2,0,0,2
0345a,1513c,0,1,1,0,0,2,0,2,2,1,1,1,0,1,2,1,1,2
1268a,1547b,2,1,1,0,0,2,0,4,2,2,0,1,1,2,1,0,2,2
0357a,0370a,3,4,1,1,2,3,2,3,2,3,0,1,0,1,3,1,1,2
0517c,0546b,1,1,1,3,0,2,3,2,1,3,1,1,3,1,3,0,1,2
1335a,1518a,2,1,1,0,2,3,0,1,2,2,2,1,3,2,2,0,1,2
0896a,0521b,3,1,1,1,2,3,0,3,2,1,1,1,0,1,1,0,0,2
0338a,1173c,2,4,1,0,2,3,0,1,2,1,2,1,3,0,2,0,2,2
1314a,0597b,1,1,1,1,2,1,0,4,2,2,4,1,3,2,3,0,3,2
0413a,1483c,1,1,1,1,2,3,0,1,1,1,1,1,1,0,1,0,1,1
0538a,0357c,2,1,0,3,2,2,1,4,2,0,2,1,1,0,2,0,1,1
1343c,1191b,0,0,1,1,2,1,0,1,1,3,4,0,1,2,1,0,3,2
0531a,1180c,2,2,1,1,2,2,0,3,2,2,4,1,0,2,3,0,3,2
1429b,1461b,2,1,1,0,0,2,0,1,1,2,2,1,0,2,1,0,0,2
1090c,0456b,0,0,1,3,2,2,0,1,2,0,1,1,1,2,2,0,1,1
1314a,1356b,1,1,1,1,2,1,0,4,2,2,4,0,2,2,2,0,4,2
1409c,0403a,0,2,1,0,0,2,1,2,1,2,0,2,1,0,1,0,1,1
0532b,0923c,2,1,1,3,0,2,0,1,1,1,1,1,2,2,3,0,4,2
0349a,0507b,3,1,1,1,2,1,0,1,2,0,1,1,3,2,1,1,4,2
1442b,0515a,2,2,1,3,2,2,1,4,2,1,1,1,3,2,2,2,2,1
1296c,1123b,1,1,1,3,0,2,1,0,2,0,2,1,0,2,2,1,1,2
1520a,1294c,3,2,1,3,2,2,0,2,2,3,0,1,3,2,3,1,0,2
1204a,0357c,0,0,1,0,2,2,1,0,2,0,2,1,1,0,2,0,1,1
1129a,0496a,3,1,1,0,2,2,3,1,2,3,4,1,0,2,3,1,2,2
0372a,1254a,1,1,1,3,2,1,0,1,1,1,1,1,1,2,1,3,3,2
1180a,1330b,2,1,1,2,2,2,1,1,2,2,2,1,3,2,2,0,4,2
1543b,0344c,2,1,1,2,2,2,1,0,2,1,1,0,2,2,2,1,0,2
1363b,0941c,0,1,1,1,0,2,0,2,1,1,0,0,4,2,3,1,3,2
1152b,1209c,2,1,1,1,2,3,0,3,2,2,1,1,3,2,3,3,4,2
0451a,0570c,2,1,1,0,2,1,0,0,2,3,4,1,1,2,2,0,1,2
0385c,0556b,2,2,1,0,1,2,2,1,2,0,2,0,1,0,2,1,1,1
0372a,1499c,1,1,1,3,2,1,0,1,1,2,0,1,3,0,2,1,3,2
1440c,1340c,2,4,1,1,2,3,0,2,2,1,0,0,0,2,1,1,2,2
1494a,1482a,1,0,1,1,2,2,0,1,2,2,4,1,3,2,2,3,1,2
0474b,1319a,2,1,1,3,2,3,3,3,2,2,0,1,0,2,2,3,4,2
0567b,1440b,1,2,1,0,2,2,1,2,1,0,4,0,2,0,2,0,4,1
0477a,1402a,2,1,1,1,2,1,0,0,2,2,1,1,1,2,1,0,3,2
0458b,0328b,3,2,1,3,2,2,1,3,2,0,2,1,1,2,3,0,3,2
0496c,0405c,3,4,1,3,2,2,0,1,2,1,0,1,1,2,2,1,2,1
1171b,1425c,2,4,1,3,2,1,1,3,2,1,4,1,1,2,1,0,1,2
1443c,1409c,0,1,1,1,2,1,1,2,1,0,2,1,0,0,2,1,2,1
1254a,1343c,1,1,1,1,2,1,3,3,2,0,0,1,1,2,1,0,1,1
1325a,0488b,3,1,1,0,1,2,0,1,2,2,0,0,0,2,1,0,0,2
0587a,1196a,1,1,1,2,2,2,2,0,2,0,1,1,3,2,2,2,1,1
0331b,1454c,3,1,1,0,2,2,0,0,2,1,1,1,0,2,2,0,4,2
1443c,0387b,0,1,1,1,2,1,1,2,1,2,2,0,1,0,1,0,2,1
1445a,0576c,0,1,1,3,2,2,0,3,2,2,4,1,1,2,2,0,2,2
1252a,0365a,3,1,1,3,2,3,0,3,2,0,2,1,0,2,2,0,1,2
0477a,0571a,2,1,1,1,2,1,0,0,2,2,4,1,3,2,3,0,1,2
0595c,1406a,3,1,1,3,2,3,3,4,2,1,2,2,4,2,2,0,2,2
1227b,0570a,3,1,1,3,2,1,0,4,2,2,1,0,3,0,2,1,3,2
0491c,0546c,2,2,1,0,2,2,0,4,2,2,0,1,3,2,1,3,1,2
1485a,1430c,3,4,1,0,2,2,2,2,2,0,0,1,3,2,3,0,3,2
0969a,0315a,2,2,1,1,2,2,1,2,1,2,4,0,2,2,3,0,3,2
1447a,1221a,2,1,1,3,2,1,1,0,2,3,4,1,0,2,2,2,1,2
1137b,0445b,3,1,1,3,2,1,0,0,2,1,1,1,3,2,1,1,1,1
0455c,1165c,3,1,1,3,3,1,3,1,2,3,0,2,4,0,2,3,2,2
1425c,1087a,1,4,1,1,2,1,0,1,2,1,2,1,1,2,1,0,2,1
1538a,0357c,1,1,1,3,2,3,1,2,1,0,2,1,1,0,2,0,1,1
1194a,0358b,3,1,1,1,2,1,1,2,1,0,2,1,0,1,2,1,2,2
0390c,1406c,2,0,1,0,1,2,1,3,2,1,0,1,4,0,2,3,2,2
1254c,0316b,1,1,1,0,2,2,1,1,2,2,1,1,3,2,2,2,4,2
1393a,1135b,2,4,1,0,2,2,0,4,2,3,1,1,0,2,3,1,1,2
1491a,1343a,3,1,1,0,2,2,1,3,2,2,0,1,0,2,1,0,0,2
1319a,1308c,2,0,1,0,2,2,3,4,2,0,1,2,4,2,2,0,3,2
0322b,0376c,1,1,1,3,1,2,0,1,2,2,1,0,0,3,2,2,3,2
0306b,0485b,2,1,0,2,2,2,0,2,2,2,1,1,0,1,1,0,2,2
0592b,0461b,1,2,1,1,2,2,0,2,2,2,1,1,0,2,2,2,0,1
0489c,0555c,1,1,1,1,2,2,1,2,1,3,0,1,1,2,2,0,4,2
0924c,0866c,0,1,1,0,2,1,2,1,1,3,0,1,0,0,2,2,2,1
1512b,0507a,2,0,1,0,2,2,0,0,2,1,1,1,3,0,2,1,2,1
1510b,1433a,1,1,1,0,2,2,1,0,2,2,2,1,0,2,2,1,0,2
0458c,0923c,3,0,1,0,2,2,0,3,2,1,1,1,2,2,3,0,4,2
0537a,1253b,3,1,1,3,2,2,2,1,2,0,1,1,1,2,1,1,1,1
1374a,1348c,3,2,0,2,2,3,0,4,2,1,3,1,1,2,2,2,0,1
1176b,1325c,1,4,1,1,2,2,0,2,2,1,4,1,3,2,3,1,2,2
1204a,1197b,0,0,1,0,2,2,1,0,2,0,0,1,4,2,3,0,4,2
1490b,1381a,1,0,1,3,2,1,0,2,2,1,4,0,1,2,2,0,1,2
1402b,0522c,1,2,1,3,0,2,1,3,2,3,1,2,4,0,2,0,3,2
1289a,0380a,2,1,1,0,2,3,0,3,2,1,4,1,3,2,2,3,1,2
1178b,0331a,3,0,1,3,2,2,3,1,2,3,1,0,0,2,2,3,2,2
1409b,1083a,1,1,1,3,2,3,3,1,2,0,4,2,4,2,3,1,1,1
1330a,0440b,3,2,1,3,2,2,0,0,2,2,1,1,2,0,2,1,0,1
0451b,0330a,2,1,1,3,0,2,1,2,1,1,0,1,1,2,2,2,1,1
0451b,0521a,2,1,1,3,0,2,1,2,1,2,1,1,1,2,1,3,0,2
1120a,1153b,2,1,1,3,2,2,0,2,2,0,4,1,3,2,2,1,2,2
1545a,1320c,0,1,1,0,2,2,1,2,2,2,2,1,0,2,2,0,3,2
0466c,0521c,3,1,1,2,2,1,2,0,1,3,1,2,1,0,2,1,3,2
1137a,1460a,1,1,1,0,2,1,0,1,2,2,1,1,1,0,2,0,0,2
0358b,1174b,0,2,1,0,1,2,1,2,2,2,0,1,3,3,2,1,4,2
0419a,1099a,0,1,1,1,2,2,0,1,2,2,1,1,3,0,2,2,3,2
1432c,0307b,2,2,1,0,2,2,0,2,2,3,0,1,0,2,2,1,2,2
1335a,1413a,2,1,1,0,2,3,0,1,2,2,1,1,1,2,3,0,1,2
1393a,1538a,2,4,1,0,2,2,0,4,2,1,1,1,3,2,3,1,2,1
0496a,0366b,3,4,1,0,2,3,1,2,2,3,1,2,4,3,2,0,2,2
1176b,1330b,1,4,1,1,2,2,0,2,2,2,2,1,3,2,2,0,4,2
0491b,1493a,2,1,1,0,2,1,1,0,2,2,1,1,0,1,2,0,3,2
0316b,0594a,2,1,1,3,2,2,2,4,2,3,2,1,0,2,2,1,4,2
1140c,1500b,2,4,1,2,2,1,0,1,2,0,2,1,0,0,2,2,2,1
1284b,0569c,1,1,1,3,0,2,0,1,2,1,1,1,0,2,2,3,3,2
0457b,0434a,1,4,0,1,0,2,0,1,1,3,0,0,2,0,3,3,0,2
1443c,1308c,0,1,1,1,2,1,1,2,1,0,1,2,4,2,2,0,3,2
1425c,0911c,1,4,1,1,2,1,0,1,2,2,4,2,3,2,3,3,2,2
0525a,0460c,1,2,1,3,2,1,1,1,1,2,4,2,1,2,2,2,1,2
0577a,1429b,2,1,1,0,2,2,0,1,2,2,1,1,0,0,2,0,1,1
0584a,0373a,1,1,1,1,2,2,0,0,2,3,0,1,0,0,2,0,2,2
1531b,1099a,2,1,1,3,2,1,1,3,2,2,1,1,3,0,2,2,3,2
0385a,0549c,0,0,1,2,2,3,3,0,2,3,1,1,3,3,3,3,4,2
0457b,1414c,1,4,0,1,0,2,0,1,1,1,0,1,1,3,1,1,2,1
0463b,0401b,0,0,0,3,2,3,0,3,2,2,0,2,3,2,3,3,2,2
1267b,0555b,2,2,1,2,2,2,0,1,2,1,1,1,0,1,2,0,2,2
1173c,1282c,1,2,1,3,0,2,0,2,2,1,1,2,3,2,2,1,2,2
1234a,1260b,3,4,1,3,2,2,0,3,2,2,1,1,1,2,1,1,0,2
1314a,1496c,1,1,1,1,2,1,0,4,2,2,1,1,1,0,2,2,2,1
1486b,1381a,2,0,1,0,2,3,1,4,2,1,4,0,1,2,2,0,1,2
0565a,0422a,2,1,1,3,2,2,1,1,2,1,1,1,0,2,1,0,0,2
1204a,1323c,0,0,1,0,2,2,1,0,2,1,0,1,1,2,2,3,0,1
0550c,1398c,2,0,1,1,2,2,0,4,2,2,1,1,0,2,2,2,1,1
1303a,1511b,3,4,1,0,0,2,0,4,2,0,1,0,2,2,2,0,2,2
1454b,0451c,2,1,1,3,2,2,1,0,2,1,0,1,1,2,2,0,2,1
1334a,1219a,3,1,1,0,2,3,0,2,2,3,1,1,1,2,1,0,0,2
0402b,1273a,3,4,1,3,2,2,1,2,2,1,2,1,0,0,2,1,0,2
1305a,1483a,1,1,1,0,2,2,0,0,2,2,1,1,3,2,3,0,3,2
1451a,0518b,1,4,1,3,2,2,0,4,2,1,1,1,0,0,1,1,2,1
0381a,1181a,1,0,1,3,2,2,0,3,2,1,0,1,0,2,1,0,2,2
1134a,1460b,2,0,1,3,2,2,1,0,2,2,2,1,3,2,2,1,3,2
1562b,1371c,1,2,1,0,0,2,0,2,2,2,1,1,0,2,3,2,3,2
1447b,0365c,1,4,1,0,2,2,2,1,1,0,4,0,3,0,1,1,2,1
0377a,0456b,1,4,1,1,2,2,0,1,2,0,1,1,1,2,2,0,1,1
0924b,0941c,1,0,1,3,0,2,1,0,1,1,0,0,4,2,3,1,3,2
1325a,1540c,3,1,1,0,1,2,0,1,2,1,2,1,0,2,2,1,0,1
0349a,0373a,3,1,1,1,2,1,0,1,2,3,0,1,0,0,2,0,2,2
0359a,0359b,2,1,1,0,2,2,0,2,2,3,2,1,0,2,2,3,0,2
0577a,0577b,2,1,1,0,2,2,0,1,2,2,1,0,3,2,2,1,2,2
0577a,0577c,2,1,1,0,2,2,0,1,2,1,1,1,1,2,3,0,0,2
1120a,1120b,2,1,1,3,2,2,0,2,2,1,1,1,0,2,2,0,2,2
1120a,1120c,2,1,1,3,2,2,0,2,2,2,1,1,0,2,2,0,0,2
1120b,1120c,1,1,1,0,2,2,0,2,2,2,1,1,0,2,2,0,0,2
1121a,1121b,2,1,1,3,2,2,0,1,2,2,1,1,0,2,2,0,3,2
1121a,1121c,2,1,1,3,2,2,0,1,2,1,1,1,0,2,2,0,1,2
1121b,1121c,2,1,1,0,2,2,0,3,2,1,1,1,0,2,2,0,1,2
1229b,1229c,1,1,1,3,2,2,0,2,2,2,1,0,0,2,2,1,2,2
1302a,1302b,2,1,1,3,2,2,0,0,2,3,1,1,0,2,2,0,2,2
1302a,1302c,2,1,1,3,2,2,0,0,2,2,1,1,3,2,2,0,3,2
1302b,1302c,3,1,1,0,2,2,0,2,2,2,1,1,3,2,2,0,3,2
1305a,1305b,1,1,1,0,2,2,0,0,2,2,1,1,0,2,2,1,2,2
1305a,1305c,1,1,1,0,2,2,0,0,2,1,1,1,3,2,2,0,1,2
1305b,1305c,2,1,1,0,2,2,1,2,2,1,1,1,3,2,2,0,1,2
1386a,1386b,1,1,1,0,2,2,0,3,2,3,1,1,0,2,2,0,1,2
1386a,1386c,1,1,1,0,2,2,0,3,2,3,1,1,3,2,2,0,2,2
1386b,1386c,3,1,1,0,2,2,0,1,2,3,1,1,3,2,2,0,2,2
1391c,1391b,2,1,1,0,2,2,1,1,2,3,4,1,0,2,2,1,4,2
1391c,1391a,2,1,1,0,2,2,1,1,2,3,4,1,3,2,3,0,3,2
1489a,1489b,1,1,1,3,2,2,0,0,2,2,1,1,3,2,2,1,2,2
1489a,1489c,1,1,1,3,2,2,0,0,2,2,4,1,0,2,2,1,1,2
1489b,1489c,2,1,1,3,2,2,1,2,2,2,4,1,0,2,2,1,1,2
1517a,1517b,2,1,1,1,2,2,0,2,2,1,1,1,3,2,2,0,3,2
1517a,1517c,2,1,1,1,2,2,0,2,2,3,0,1,0,2,2,1,4,2
1517b,1517c,1,1,1,3,2,2,0,3,2,3,0,1,0,2,2,1,4,2
0331b,0331a,3,1,1,0,2,2,0,0,2,3,1,0,0,2,2,3,2,2
0367a,0367b,2,1,1,0,2,2,0,4,2,1,1,1,0,2,2,1,2,2
0367a,0367c,2,1,1,0,2,2,0,4,2,3,1,1,3,2,2,0,1,2
0367b,0367c,1,1,1,0,2,2,1,2,2,3,1,1,3,2,2,0,1,2
0379b,0379c,3,1,1,0,2,2,0,3,2,2,1,1,2,2,2,0,3,2
0458a,0458c,2,1,1,0,2,2,1,0,2,3,0,1,0,2,2,0,3,2
0458a,0458b,2,1,1,0,2,2,1,0,2,3,2,1,3,2,2,1,3,2
0565a,0565b,2,1,1,3,2,2,1,1,2,2,1,1,0,2,2,1,3,2
0565a,0565c,2,1,1,3,2,2,1,1,2,2,1,1,1,2,2,0,1,2
0565b,0565c,2,1,1,0,2,2,1,3,2,2,1,1,1,2,2,0,1,2
1254c,1254a,1,1,1,0,2,2,1,1,2,1,1,1,1,2,1,3,3,2
1254c,1254b,1,1,1,0,2,2,1,1,2,2,1,0,2,2,2,1,3,2
1362a,1362b,3,1,1,3,2,2,0,0,2,2,1,1,3,2,2,0,4,2
1362a,1362c,3,1,1,3,2,2,0,0,2,3,0,1,0,2,2,0,2,2
1362b,1362c,2,1,1,3,2,2,0,4,2,3,0,1,0,2,2,0,2,2
1446a,1446b,1,1,1,3,2,2,1,2,2,1,1,1,1,2,2,0,2,2
1446a,1446c,1,1,1,3,2,2,1,2,2,3,1,1,3,2,2,0,3,2
1446b,1446c,1,1,1,1,2,2,0,2,2,3,1,1,3,2,2,0,3,2
1454b,1454c,2,1,1,3,2,2,1,0,2,1,1,1,0,2,2,0,4,2
1454b,1454a,2,1,1,3,2,2,1,0,2,2,4,1,3,2,2,1,1,2
1454c,1454a,1,1,1,0,2,2,0,4,2,2,4,1,3,2,2,1,1,2
1455a,1455b,3,1,1,0,2,2,1,2,2,2,1,1,1,2,2,0,0,2
1455a,1455c,3,1,1,0,2,2,1,2,2,2,1,1,3,2,2,1,3,2
1455b,1455c,2,1,1,1,2,2,0,0,2,2,1,1,3,2,2,1,3,2
1510b,1510c,1,1,1,0,2,2,1,0,2,2,1,1,1,2,2,0,3,2
1510b,1510a,1,1,1,0,2,2,1,0,2,1,1,1,0,2,1,0,3,2
1510c,1510a,2,1,1,1,2,2,0,3,2,1,1,1,0,2,1,0,3,2
1534b,1534c,1,1,1,3,2,2,1,1,2,3,1,1,0,2,1,0,3,2
1534b,1534a,1,1,1,3,2,2,1,1,2,2,1,1,1,2,3,1,3,2
1540b,1540c,1,1,1,0,2,2,1,3,2,1,2,1,0,2,2,1,0,1
1300a,1300b,1,1,1,1,2,2,0,1,2,2,1,1,0,2,1,0,2,2
1300a,1300c,1,1,1,1,2,2,0,1,2,3,1,1,0,2,2,1,1,2
1300b,1300c,2,1,1,0,2,1,0,2,2,3,1,1,0,2,2,1,1,2
1309a,1309b,0,1,1,0,2,2,0,2,2,2,2,1,3,2,2,0,0,2
1309a,1309c,0,1,1,0,2,2,0,2,2,1,1,0,1,0,1,0,2,1
1453a,1453b,1,1,1,3,2,2,0,4,2,3,1,1,3,2,2,1,2,2
1453a,1453c,1,1,1,3,2,2,0,4,2,2,1,1,0,2,2,0,2,1
1453b,1453c,3,1,1,3,2,2,1,2,2,2,1,1,0,2,2,0,2,1
1482b,1482a,1,1,1,3,2,2,1,0,2,2,4,1,3,2,2,3,1,2
1518c,1518a,2,1,1,0,2,1,0,1,2,2,2,1,3,2,2,0,1,2
1543a,1543b,3,1,1,0,2,2,0,4,2,2,1,1,2,2,2,1,0,2
1543a,1543c,3,1,1,0,2,2,0,4,2,1,1,1,1,2,2,0,2,1
0584a,0584b,1,1,1,1,2,2,0,0,2,2,1,1,1,2,2,1,2,2
0584a,0584c,1,1,1,1,2,2,0,0,2,0,1,1,0,2,2,0,1,2
0584b,0584c,2,1,1,1,2,2,1,2,2,0,1,1,0,2,2,0,1,2
1127a,1127b,1,1,1,3,2,2,1,3,2,3,1,1,0,2,2,1,0,2
1127a,1127c,1,1,1,3,2,2,1,3,2,2,4,1,0,2,2,0,2,2
1127b,1127c,3,1,1,0,2,2,1,0,2,2,4,1,0,2,2,0,2,2
1284a,1284b,2,1,1,0,2,2,1,4,2,1,1,1,3,0,2,0,1,2
1284a,1284c,2,1,1,0,2,2,1,4,2,3,1,1,0,2,1,1,2,2
1360b,1360a,2,0,1,0,2,2,0,2,2,3,1,0,2,2,2,0,2,2
1360b,1360c,2,0,1,0,2,2,0,2,2,0,1,1,2,1,2,1,1,1
1364b,1364c,3,1,1,3,2,2,1,1,2,2,2,1,0,2,2,1,3,2
1364b,1364a,3,1,1,3,2,2,1,1,2,2,1,1,2,0,2,0,3,2
1490c,1490b,0,1,1,3,2,2,0,2,2,1,0,1,3,2,1,0,2,2
1491a,1491b,3,1,1,0,2,2,1,3,2,2,1,1,0,2,2,0,1,1
1491a,1491c,3,1,1,0,2,2,1,3,2,1,1,1,1,2,2,1,0,2
1491b,1491c,2,1,1,0,2,2,0,1,1,1,1,1,1,2,2,1,0,2
0321c,0321a,2,1,1,2,2,2,0,2,2,2,1,1,3,2,1,1,2,1
0321c,0321b,2,1,1,2,2,2,0,2,2,3,2,1,3,2,2,1,4,2
0451a,0451b,2,1,1,0,2,1,0,0,2,2,1,1,3,0,2,1,2,1
0451a,0451c,2,1,1,0,2,1,0,0,2,1,0,1,1,2,2,0,2,1
0503a,0503b,2,1,1,0,2,3,0,2,2,2,1,1,1,2,2,1,1,2
0561a,0561b,2,1,1,3,2,1,0,1,2,3,1,1,3,2,2,0,4,2
0571b,0571a,0,1,1,0,2,2,0,0,2,2,4,1,3,2,3,0,1,2
0571b,0571c,0,1,1,0,2,2,0,0,2,1,0,1,1,0,1,0,1,1
0600a,0600b,2,1,1,0,2,1,0,3,2,0,1,1,3,2,2,0,1,2
0600a,0600c,2,1,1,0,2,1,0,3,2,3,1,1,3,2,2,1,0,2
0600b,0600c,0,1,1,3,2,2,0,1,2,3,1,1,3,2,2,1,0,2
1137a,1137b,1,1,1,0,2,1,0,1,2,3,1,1,3,2,1,0,0,2
1137a,1137c,1,1,1,0,2,1,0,1,2,2,2,1,3,2,2,0,3,2
1230a,1230c,0,1,1,0,2,2,0,3,2,2,4,1,3,2,2,0,2,2
1230a,1230b,0,1,1,0,2,2,0,3,2,1,1,0,3,2,2,1,3,2
1230c,1230b,2,4,1,3,2,2,0,2,2,1,1,0,3,2,2,1,3,2
1248a,1248b,2,1,1,3,2,2,1,4,2,3,1,1,1,2,2,0,0,2
1248a,1248c,2,1,1,3,2,2,1,4,2,1,1,1,1,2,2,1,2,2
1248b,1248c,3,1,1,1,2,2,0,0,2,1,1,1,1,2,2,1,2,2
1335a,1335b,2,1,1,0,2,3,0,1,2,2,2,1,0,2,2,3,2,2
1335a,1335c,2,1,1,0,2,3,0,1,2,2,1,1,3,2,2,2,1,1
1378b,1378c,3,1,1,3,2,2,1,3,2,1,1,1,3,2,1,0,2,2
1378b,1378a,3,1,1,3,2,2,1,3,2,3,4,1,3,2,3,0,0,2
1378c,1378a,1,1,1,3,2,1,0,2,2,3,4,1,3,2,3,0,0,2
1432c,1432a,2,2,1,0,2,2,0,2,2,2,4,1,0,2,1,0,1,2
1432c,1432b,2,2,1,0,2,2,0,2,2,3,1,1,0,1,2,1,4,2
1481a,1481b,3,1,1,1,2,2,0,3,2,2,1,1,1,2,2,1,0,2
1481a,1481c,3,1,1,1,2,2,0,3,2,2,1,1,3,2,1,0,0,2
1481b,1481c,2,1,1,1,2,2,1,0,2,2,1,1,3,2,1,0,0,2
1487a,1487c,2,1,1,3,2,3,0,2,2,3,1,1,3,0,1,0,0,1
1512b,1512c,2,0,1,0,2,2,0,0,2,2,1,1,1,2,2,1,3,2
1565a,1565b,2,4,1,3,2,2,0,1,2,2,1,1,3,0,2,0,2,2
1565a,1565c,2,4,1,3,2,2,0,1,2,2,1,1,0,2,2,2,2,2
0338b,0338a,2,1,1,3,2,1,0,3,2,2,4,1,0,2,3,0,1,2
0338b,0338c,2,1,1,3,2,1,0,3,2,0,1,1,3,2,2,1,2,1
0422a,0422b,1,1,1,0,2,1,0,0,2,2,4,1,0,2,2,0,3,2
0422a,0422c,1,1,1,0,2,1,0,0,2,2,0,1,0,2,2,0,3,2
0422b,0422c,2,4,1,0,2,2,0,3,2,2,0,1,0,2,2,0,3,2
0472b,0472a,2,1,1,0,2,1,1,2,2,3,1,1,3,2,3,0,0,2
0472b,0472c,2,1,1,0,2,1,1,2,2,2,1,1,1,2,2,3,2,2
1227a,1227b,1,1,1,3,2,1,0,1,2,3,1,1,3,2,1,0,4,2
1382c,1382b,2,2,1,0,2,2,0,1,2,2,1,1,0,0,2,0,0,2
1382c,1382a,2,2,1,0,2,2,0,1,2,2,0,1,0,2,2,1,3,2
1445a,1445b,0,1,1,3,2,2,0,3,2,2,1,1,2,2,2,0,0,2
1445a,1445c,0,1,1,3,2,2,0,3,2,2,1,1,0,2,3,0,0,2
1445b,1445c,2,1,1,2,2,2,0,0,2,2,1,1,0,2,3,0,0,2
1486a,1486b,1,0,1,0,2,2,0,1,2,2,0,1,0,2,3,1,4,2
1545a,1545b,0,1,1,0,2,2,1,2,2,2,1,1,0,0,2,0,1,2
1545a,1545c,0,1,1,0,2,2,1,2,2,2,1,1,3,2,3,0,1,2
1545b,1545c,2,1,1,0,0,2,0,1,2,2,1,1,3,2,3,0,1,2
1282b,1282c,2,2,1,3,2,2,0,2,2,1,1,2,3,2,2,1,2,2
1289a,1289b,2,1,1,0,2,3,0,3,2,1,4,1,3,2,2,0,2,2
1289a,1289c,2,1,1,0,2,3,0,3,2,1,1,1,3,2,2,1,4,2
1289b,1289c,1,4,1,3,2,2,0,2,2,1,1,1,3,2,2,1,4,2
1565b,1565c,2,1,1,3,0,2,0,2,2,2,1,1,0,2,2,2,2,2
0552a,0552b,2,1,1,0,2,2,1,2,1,2,0,1,3,2,2,0,0,2
0552a,0552c,2,1,1,0,2,2,1,2,1,1,2,1,0,2,2,0,2,2
0552b,0552c,2,0,1,3,2,2,0,0,2,1,2,1,0,2,2,0,2,2
1307a,1307b,1,1,1,3,2,2,0,1,1,3,4,1,0,2,3,1,1,2
1492a,1492b,1,1,1,3,2,1,0,0,2,2,2,1,0,2,2,0,0,2
1492a,1492c,1,1,1,3,2,1,0,0,2,1,1,1,3,2,3,0,2,2
1492b,1492c,2,2,1,0,2,2,0,0,2,1,1,1,3,2,3,0,2,2
0366a,0366b,2,4,1,3,2,2,0,3,2,3,1,2,4,3,2,0,2,2
0434b,0434c,1,4,1,0,2,2,0,0,2,0,1,0,2,2,3,0,3,2
0434b,0434a,1,4,1,0,2,2,0,0,2,3,0,0,2,0,3,3,0,2
0496f,0496c,2,4,1,0,2,2,1,2,2,3,4,1,3,2,2,0,1,2
0496f,0496d,2,4,1,0,2,2,1,2,2,2,1,1,1,2,2,0,1,1
0496f,0496a,2,4,1,0,2,2,1,2,2,3,4,1,0,2,3,1,2,2
0496f,0496e,2,4,1,0,2,2,1,2,2,2,1,0,1,2,3,0,2,2
1382b,1382a,2,1,1,0,0,2,0,0,2,2,0,1,0,2,2,1,3,2
1416b,1416a,2,0,1,0,2,2,1,2,2,1,1,1,3,2,1,0,4,2
1416b,1416c,2,0,1,0,2,2,1,2,2,1,4,1,3,2,3,1,4,2
0374b,0374c,1,4,1,3,2,2,0,1,2,2,1,1,3,2,2,3,0,2
0374b,0374a,1,4,1,3,2,2,0,1,2,2,2,0,0,2,1,3,3,2
0544b,0544a,2,1,1,3,2,3,0,0,2,0,1,1,0,2,2,0,1,1
0544b,0544c,2,1,1,3,2,3,0,0,2,1,4,1,3,2,2,2,0,1
0579a,0579c,1,0,1,3,2,2,0,1,2,2,1,1,0,2,2,1,0,1
1320a,1320b,1,1,1,3,2,1,0,3,2,3,1,1,0,2,1,0,0,2
1320a,1320c,1,1,1,3,2,1,0,3,2,2,2,1,0,2,2,0,3,2
1320b,1320c,3,1,1,0,2,1,0,0,2,2,2,1,0,2,2,0,3,2
1334a,1334c,3,1,1,0,2,3,0,2,2,3,4,1,3,2,3,1,2,2
1370a,1370b,2,1,1,3,0,2,0,1,2,1,0,1,0,2,2,0,3,2
1370a,1370c,2,1,1,3,0,2,0,1,2,3,1,1,1,2,2,1,1,2
1370b,1370c,1,0,1,0,2,2,0,3,2,3,1,1,1,2,2,1,1,2
1426b,1426c,2,1,1,0,2,1,0,4,2,1,0,1,0,2,3,1,2,2
1426b,1426a,2,1,1,0,2,1,0,4,2,2,0,1,1,2,2,1,2,1
1463a,1463b,2,1,1,0,2,2,1,1,1,3,1,1,3,2,1,0,1,2
1463a,1463c,2,1,1,0,2,2,1,1,1,1,2,1,0,2,2,0,1,2
1463b,1463c,3,1,1,3,2,1,0,1,2,1,2,1,0,2,2,0,1,2
1468a,1468b,1,1,1,2,2,2,0,0,2,3,1,1,2,2,2,1,3,2
1468a,1468c,1,1,1,2,2,2,0,0,2,1,2,1,3,2,2,0,4,2
1483a,1483b,2,1,1,3,2,3,0,3,2,3,4,1,0,2,2,0,1,2
1483a,1483c,2,1,1,3,2,3,0,3,2,1,1,1,1,0,1,0,1,1
1483b,1483c,3,4,1,0,2,2,0,1,2,1,1,1,1,0,1,0,1,1
1488a,1488c,1,1,1,0,2,3,0,0,2,3,0,1,0,2,2,0,1,2
1488a,1488b,1,1,1,0,2,3,0,0,2,2,2,1,0,0,2,1,1,1
1488c,1488b,3,0,1,0,2,2,0,1,2,2,2,1,0,0,2,1,1,1
1534c,1534a,3,1,1,0,2,1,0,3,2,2,1,1,1,2,3,1,3,2
0491b,0491c,2,1,1,0,2,1,1,0,2,2,2,1,0,2,2,0,4,2
0491b,0491a,2,1,1,0,2,1,1,0,2,2,1,1,1,2,1,0,2,1
1119a,1119b,1,1,1,0,0,2,0,1,2,1,1,1,3,2,3,0,1,2
1119a,1119c,1,1,1,0,0,2,0,1,2,2,1,1,3,2,2,1,2,1
1119b,1119c,1,1,1,3,2,3,0,1,2,2,1,1,3,2,2,1,2,1
1129c,1129a,1,2,1,3,2,2,0,2,2,3,1,1,0,2,2,3,1,2
1129c,1129b,1,2,1,3,2,2,0,2,2,3,1,1,0,2,2,1,4,1
1344a,1344b,1,1,1,0,2,3,0,3,2,3,4,1,3,2,2,0,2,2
1344a,1344c,1,1,1,0,2,3,0,3,2,3,1,1,3,2,2,1,4,2
1344b,1344c,3,4,1,3,2,2,0,2,2,3,1,1,3,2,2,1,4,2
1516a,1516b,2,0,1,0,2,2,1,1,2,2,1,1,1,2,1,0,1,2
0306a,0306b,3,1,1,2,2,2,0,1,2,2,1,0,2,2,2,0,2,2
1309b,1309c,2,2,1,3,2,2,0,0,2,1,1,0,1,0,1,0,2,1
1458a,1458b,0,1,1,3,2,2,1,1,2,1,1,1,0,2,2,1,2,1
1458a,1458c,0,1,1,3,2,2,1,1,2,1,4,1,3,2,2,0,0,2
1458b,1458c,1,1,1,0,2,2,1,2,1,1,4,1,3,2,2,0,0,2
0414a,0414b,3,2,1,0,2,2,0,2,2,1,1,1,0,2,1,1,1,2
0414a,0414c,3,2,1,0,2,2,0,2,2,0,1,1,0,2,2,1,3,2
0414b,0414c,1,1,1,0,2,1,1,1,2,0,1,1,0,2,2,1,3,2
0539a,0539b,2,4,1,3,2,2,1,2,2,3,1,1,0,0,2,0,2,2
0539a,0539c,2,4,1,3,2,2,1,2,2,2,1,1,0,2,2,3,0,2
0539b,0539c,3,1,1,0,0,2,0,2,2,2,1,1,0,2,2,3,0,2
0576c,0576b,2,4,1,1,2,2,0,2,2,1,1,1,3,0,2,3,0,2
1137b,1137c,3,1,1,3,2,1,0,0,2,2,2,1,3,2,2,0,3,2
1164c,1164a,3,1,1,3,2,3,0,2,2,2,1,0,2,2,1,1,1,2
1164c,1164b,3,1,1,3,2,3,0,2,2,2,1,1,2,1,2,1,1,2
1180a,1180b,2,1,1,2,2,2,1,1,2,1,1,1,0,2,2,1,1,1
1180a,1180c,2,1,1,2,2,2,1,1,2,2,4,1,0,2,3,0,3,2
1375b,1375c,1,4,1,3,2,2,0,3,2,3,4,1,0,2,2,0,0,2
1375b,1375a,1,4,1,3,2,2,0,3,2,1,0,1,1,2,2,0,3,2
1375c,1375a,3,4,1,0,2,2,0,0,2,1,0,1,1,2,2,0,3,2
0333b,0333c,2,1,1,0,2,3,1,1,2,3,2,1,1,2,1,1,1,2
0333b,0333a,2,1,1,0,2,3,1,1,2,2,1,1,3,2,1,2,0,1
0381a,0381b,1,0,1,3,2,2,0,3,2,3,1,1,0,2,3,0,4,2
0381a,0381c,1,0,1,3,2,2,0,3,2,1,4,1,3,2,3,0,2,2
0411c,0411b,2,1,1,3,2,1,0,4,2,1,2,1,1,2,2,0,1,2
0411c,0411a,2,1,1,3,2,1,0,4,2,3,1,1,0,2,1,1,4,2
1352b,1352c,2,1,1,3,2,2,2,1,2,2,2,1,0,2,2,1,2,2
1352b,1352a,2,1,1,3,2,2,2,1,2,2,2,1,1,2,2,1,4,2
1352c,1352a,2,2,1,0,2,2,1,2,2,2,2,1,1,2,2,1,4,2
1393a,1393b,2,4,1,0,2,2,0,4,2,2,1,1,3,0,2,0,3,2
1393a,1393c,2,4,1,0,2,2,0,4,2,1,4,1,0,2,2,1,2,2
1393b,1393c,2,1,1,3,0,2,0,3,2,1,4,1,0,2,2,1,2,2
1394a,1394c,2,1,1,3,2,2,1,1,1,3,2,1,0,2,2,3,2,1
1394a,1394b,2,1,1,3,2,2,1,1,1,3,1,0,1,2,1,1,3,2
0351c,0351a,1,0,1,0,2,2,1,2,2,1,2,0,0,2,2,0,3,2
0351c,0351b,1,0,1,0,2,2,1,2,2,1,1,1,1,3,2,1,3,2
0424a,0424c,1,2,1,3,2,2,0,1,2,2,1,1,0,2,2,3,3,2
0496c,0496d,3,4,1,3,2,2,0,1,2,2,1,1,1,2,2,0,1,1
0496c,0496a,3,4,1,3,2,2,0,1,2,3,4,1,0,2,3,1,2,2
0496c,0496e,3,4,1,3,2,2,0,1,2,2,1,0,1,2,3,0,2,2
0496d,0496a,2,1,1,1,2,2,0,1,1,3,4,1,0,2,3,1,2,2
0496d,0496e,2,1,1,1,2,2,0,1,1,2,1,0,1,2,3,0,2,2
1257b,1257c,3,4,1,0,2,2,0,3,2,0,1,1,3,2,2,0,4,2
1257b,1257a,3,4,1,0,2,2,0,3,2,2,1,1,2,2,1,0,3,2
1257c,1257a,0,1,1,3,2,2,0,4,2,2,1,1,2,2,1,0,3,2
1447a,1447b,2,1,1,3,2,1,1,0,2,1,4,1,0,2,2,2,1,1
1447a,1447c,2,1,1,3,2,1,1,0,2,1,1,0,1,2,2,2,2,2
0458c,0458b,3,0,1,0,2,2,0,3,2,3,2,1,3,2,2,1,3,2
1284b,1284c,1,1,1,3,0,2,0,1,2,3,1,1,0,2,1,1,2,2
0477a,0477b,2,1,1,1,2,1,0,0,2,2,1,1,1,2,3,0,2,2
1180b,1180c,1,1,1,0,2,2,1,1,1,2,4,1,0,2,3,0,3,2
1442a,1442b,3,2,1,0,2,2,0,1,2,2,2,1,3,2,2,1,4,2
1442a,1442c,3,2,1,0,2,2,0,1,2,1,1,1,0,0,2,0,2,1
1531b,1531c,2,1,1,3,2,1,1,3,2,3,1,1,0,2,3,1,2,2
1531b,1531a,2,1,1,3,2,1,1,3,2,2,0,1,0,2,3,0,3,2
0536a,0536b,2,1,1,0,2,3,0,4,2,1,0,1,2,2,2,0,3,2
0560c,0560a,1,1,1,0,2,1,1,0,2,2,4,1,0,0,2,0,3,2
0560c,0560b,1,1,1,0,2,1,1,0,2,0,1,1,0,2,2,1,0,1
1153a,1153b,0,1,1,1,2,2,0,0,2,0,4,1,3,2,2,1,2,2
1153a,1153c,0,1,1,1,2,2,0,0,2,2,1,1,0,1,2,0,1,2
1402a,1402b,2,1,1,1,2,1,0,3,2,1,2,1,3,0,2,1,3,2
1417c,1417b,1,1,1,3,2,2,1,2,1,3,4,1,0,2,3,0,3,2
1417c,1417a,1,1,1,3,2,2,1,2,1,1,1,0,0,2,3,1,3,2
1520a,1520c,3,2,1,3,2,2,0,2,2,2,1,1,3,1,2,0,1,2
1521a,1521c,2,2,1,0,2,2,1,1,2,0,1,1,2,2,2,1,0,2
1521a,1521b,2,2,1,0,2,2,1,1,2,3,1,1,3,0,2,3,3,2
1543b,1543c,2,1,1,2,2,2,1,0,2,1,1,1,1,2,2,0,2,1
0597c,0597b,1,4,1,0,2,2,1,1,2,2,4,1,3,2,3,0,3,2
0597c,0597a,1,4,1,0,2,2,1,1,2,3,4,2,0,2,3,3,1,1
0355c,0355a,1,1,1,1,2,1,0,1,2,3,2,1,3,2,3,0,3,2
0355c,0355b,1,1,1,1,2,1,0,1,2,1,4,1,0,0,2,1,1,1
0374c,0374a,2,1,1,3,2,2,3,0,2,2,2,0,0,2,1,3,3,2
0396c,0396b,3,1,1,0,2,2,3,2,2,2,1,0,1,2,2,1,3,2
0550a,0550b,3,4,1,3,2,2,0,0,2,3,0,1,0,2,2,0,4,2
0550a,0550c,3,4,1,3,2,2,0,0,2,2,0,1,1,2,2,0,4,2
1366a,1366b,3,1,1,0,2,1,1,1,2,2,2,1,3,2,2,1,2,2
1366a,1366c,3,1,1,0,2,1,1,1,2,0,1,1,0,2,2,1,1,1
1366b,1366c,2,2,1,3,2,2,1,2,2,0,1,1,0,2,2,1,1,1
1413a,1413b,2,1,1,1,2,3,0,1,2,0,1,1,0,2,1,0,2,2
1413a,1413c,2,1,1,1,2,3,0,1,2,1,4,1,3,2,2,1,2,2
1413b,1413c,0,1,1,0,2,1,0,2,2,1,4,1,3,2,2,1,2,2
0307a,0307b,2,0,1,3,2,2,0,4,2,3,0,1,0,2,2,1,2,2
0307a,0307c,2,0,1,3,2,2,0,4,2,1,1,1,1,2,2,2,3,2
0363c,0363b,1,1,1,0,2,2,3,0,2,1,1,1,1,2,1,0,1,1
0363c,0363a,1,1,1,0,2,2,3,0,2,0,0,1,1,2,2,1,1,2
1176b,1176a,1,4,1,1,2,2,0,2,2,2,0,2,4,2,2,1,3,2
1255a,1255b,1,1,1,0,2,2,1,0,1,1,1,1,1,2,2,1,4,2
1255a,1255c,1,1,1,0,2,2,1,0,1,2,1,1,0,1,2,0,2,2
1255b,1255c,1,1,1,1,2,2,1,4,2,2,1,1,0,1,2,0,2,2
1234a,1234b,3,4,1,3,2,2,0,3,2,3,0,1,1,2,3,0,4,2
1234a,1234c,3,4,1,3,2,2,0,3,2,2,1,0,2,2,3,0,2,2
1236a,1236c,3,0,1,3,2,2,0,3,2,1,1,1,1,2,3,0,1,2
1236a,1236b,3,0,1,3,2,2,0,3,2,3,4,1,0,2,2,1,0,2
1149a,1149b,1,1,1,0,2,3,1,1,2,2,4,1,3,2,2,1,0,2
1149a,1149c,1,1,1,0,2,3,1,1,2,1,1,1,3,2,1,3,3,2
1149b,1149c,2,4,1,3,2,2,1,0,2,1,1,1,3,2,1,3,3,2
1416a,1416c,1,1,1,3,2,1,0,4,2,1,4,1,3,2,3,1,4,2
0491c,0491a,2,2,1,0,2,2,0,4,2,2,1,1,1,2,1,0,2,1
1134a,1134b,2,0,1,3,2,2,1,0,2,3,4,1,1,2,2,0,2,2
1134a,1134c,2,0,1,3,2,2,1,0,2,2,1,1,0,2,2,3,4,2
1144b,1144c,1,2,1,0,2,2,1,2,2,1,1,1,2,2,1,0,0,2
1424a,1424b,3,4,1,0,2,2,1,2,2,3,1,1,0,0,2,0,0,2
1424a,1424c,3,4,1,0,2,2,1,2,2,1,1,1,3,2,2,1,1,1
1424b,1424c,3,1,1,0,0,2,0,0,2,1,1,1,3,2,2,1,1,1
1471b,1471c,1,0,1,0,2,2,0,4,2,1,1,1,0,0,1,1,1,2
0307b,0307c,3,0,1,0,2,2,1,2,2,1,1,1,1,2,2,2,3,2
0569c,0569a,1,1,1,0,2,2,3,3,2,1,1,0,2,2,3,0,3,2
0569c,0569b,1,1,1,0,2,2,3,3,2,0,0,1,2,2,1,1,1,2
0472a,0472c,3,1,1,3,2,3,0,0,2,2,1,1,1,2,2,3,2,2
1268a,1268b,2,1,1,0,0,2,0,4,2,1,1,1,0,2,2,1,3,1
1268a,1268c,2,1,1,0,0,2,0,4,2,2,1,1,3,2,3,0,4,2
1268b,1268c,1,1,1,0,2,2,1,3,1,2,1,1,3,2,3,0,4,2
1433a,1433b,2,2,1,0,2,2,1,0,2,3,1,1,3,0,2,0,1,2
1433a,1433c,2,2,1,0,2,2,1,0,2,1,4,1,0,2,2,1,0,2
1433b,1433c,3,1,1,3,0,2,0,1,2,1,4,1,0,2,2,1,0,2
1129a,1129b,3,1,1,0,2,2,3,1,2,3,1,1,0,2,2,1,4,1
1131a,1131b,1,1,1,1,2,1,0,0,2,2,0,1,1,2,2,0,3,2
1252a,1252b,3,1,1,3,2,3,0,3,2,2,2,1,3,2,2,1,1,2
1252a,1252c,3,1,1,3,2,3,0,3,2,1,2,1,0,2,2,1,1,1
1252b,1252c,2,2,1,3,2,2,1,1,2,1,2,1,0,2,2,1,1,1
1329a,1329b,1,1,1,3,2,1,1,3,2,1,1,1,3,2,2,3,0,2
1329a,1329c,1,1,1,3,2,1,1,3,2,0,1,1,0,2,2,3,0,2
1364c,1364a,2,2,1,0,2,2,1,3,2,2,1,1,2,0,2,0,3,2
1531c,1531a,3,1,1,0,2,3,1,2,2,2,0,1,0,2,3,0,3,2
1494a,1494b,1,0,1,1,2,2,0,1,2,2,1,1,0,2,1,1,4,2
1494a,1494c,1,0,1,1,2,2,0,1,2,3,4,1,3,2,3,3,3,2
1494b,1494c,2,1,1,0,2,1,1,4,2,3,4,1,3,2,3,3,3,2
1498a,1498b,0,1,1,1,2,2,1,2,2,2,1,1,1,0,2,0,1,2
0335a,0335b,1,1,1,2,2,2,1,0,2,3,4,1,0,2,2,1,1,2
0335a,0335c,1,1,1,2,2,2,1,0,2,3,1,1,0,2,1,1,3,2
0335b,0335c,3,4,1,0,2,2,1,1,2,3,1,1,0,2,1,1,3,2
0349a,0349b,3,1,1,1,2,1,0,1,2,0,1,1,3,2,2,3,1,2
0314b,0314c,0,0,1,0,2,2,0,2,2,1,1,1,3,2,0,0,0,2
0314b,0314a,0,0,1,0,2,2,0,2,2,1,1,1,0,2,1,2,1,1
1152b,1152a,2,1,1,1,2,3,0,3,2,3,4,0,2,2,1,0,2,2
1152b,1152c,2,1,1,1,2,3,0,3,2,0,0,1,1,2,1,1,1,1
1329b,1329c,1,1,1,3,2,2,3,0,2,0,1,1,0,2,2,3,0,2
1330a,1330b,3,2,1,3,2,2,0,0,2,2,2,1,3,2,2,0,4,2
1330a,1330c,3,2,1,3,2,2,0,0,2,1,1,1,2,2,2,1,3,2
1330b,1330c,2,2,1,3,2,2,0,4,2,1,1,1,2,2,2,1,3,2
1451a,1451c,1,4,1,3,2,2,0,4,2,0,0,1,0,2,2,0,0,2
1451a,1451b,1,4,1,3,2,2,0,4,2,3,1,1,3,2,3,3,3,2
1236c,1236b,1,1,1,1,2,3,0,1,2,3,4,1,0,2,2,1,0,2
0461a,0461b,3,1,1,3,0,2,0,0,2,2,1,1,0,2,2,2,0,1
1361b,1361a,1,0,1,3,2,2,0,4,2,1,4,1,0,0,2,3,3,2
0432a,0432c,3,0,1,3,2,2,1,2,2,3,1,1,0,2,2,2,0,2
0544a,0544c,0,1,1,0,2,2,0,1,1,1,4,1,3,2,2,2,0,1
0592b,0592c,1,2,1,1,2,2,0,2,2,1,2,1,1,2,3,0,3,2
0593a,0593b,3,1,1,0,2,2,3,0,2,3,4,1,0,2,2,3,3,2
0593a,0593c,3,1,1,0,2,2,3,0,2,1,1,1,1,2,3,0,0,1
1134b,1134c,3,4,1,1,2,2,0,2,2,2,1,1,0,2,2,3,4,2
1432a,1432b,2,4,1,0,2,1,0,1,2,3,1,1,0,1,2,1,4,2
0537a,0537b,3,1,1,3,2,2,2,1,2,2,1,0,3,0,2,1,4,2
0537a,0537c,3,1,1,3,2,2,2,1,2,2,2,1,3,2,2,2,0,1
1303c,1303a,3,4,1,0,2,2,0,4,2,3,4,1,0,0,2,0,4,2
1303c,1303b,3,4,1,0,2,2,0,4,2,3,1,0,2,2,2,0,3,2
0550b,0550c,3,0,1,0,2,2,0,4,2,2,0,1,1,2,2,0,4,2
1460a,1460b,2,1,1,1,0,2,0,0,2,2,2,1,3,2,2,1,3,2
1231a,1231b,1,2,1,0,2,2,1,0,2,0,0,1,0,2,2,0,1,2
1231a,1231c,1,2,1,0,2,2,1,0,2,1,4,1,3,2,2,1,3,2
1231b,1231c,0,0,1,0,2,2,0,1,2,1,4,1,3,2,2,1,3,2
0350b,0350c,2,1,1,3,2,1,1,4,2,2,0,1,0,1,1,0,2,2
0350b,0350a,2,1,1,3,2,1,1,4,2,3,2,1,0,1,2,1,3,2
1219a,1219b,3,1,1,1,2,1,0,0,2,2,0,1,0,2,1,0,3,2
1219a,1219c,3,1,1,1,2,1,0,0,2,2,4,0,1,2,3,0,1,2
0531a,0531b,2,2,1,1,2,2,0,3,2,2,0,1,3,2,1,0,2,2
0531a,0531c,2,2,1,1,2,2,0,3,2,1,4,1,1,2,2,0,3,2
0531b,0531c,2,0,1,3,2,1,0,2,2,1,4,1,1,2,2,0,3,2
1448a,1448b,2,1,1,0,2,1,0,0,1,1,2,1,3,2,2,1,1,2
1448a,1448c,2,1,1,0,2,1,0,0,1,3,4,1,3,2,2,1,1,2
1448b,1448c,1,2,1,3,2,2,1,1,2,3,4,1,3,2,2,1,1,2
1554a,1554b,2,1,1,2,2,1,0,1,2,2,1,1,1,2,2,1,1,1
1554a,1554c,2,1,1,2,2,1,0,1,2,3,0,1,3,2,2,1,1,2
1554b,1554c,2,1,1,1,2,2,1,1,1,3,0,1,3,2,2,1,1,2
0381b,0381c,3,1,1,0,2,3,0,4,2,1,4,1,3,2,3,0,2,2
0411b,0411a,1,2,1,1,2,2,0,1,2,3,1,1,0,2,1,1,4,2
0562a,0562c,0,1,1,3,2,2,1,4,2,3,0,1,3,2,1,0,2,2
0570c,0570a,3,4,1,1,2,2,0,1,2,2,1,0,3,0,2,1,3,2
0577b,0577c,2,1,0,3,2,2,1,2,2,1,1,1,1,2,3,0,0,2
1181a,1181b,1,0,1,0,2,1,0,2,2,2,1,0,2,2,1,1,0,2
1181a,1181c,1,0,1,0,2,1,0,2,2,2,2,1,0,0,3,0,4,2
1260a,1260b,0,1,1,1,2,2,0,4,2,2,1,1,1,2,1,1,0,2
1260a,1260c,0,1,1,1,2,2,0,4,2,3,2,1,0,2,2,1,1,2
1260b,1260c,2,1,1,1,2,1,1,0,2,3,2,1,0,2,2,1,1,2
1341a,1341b,0,2,1,0,2,2,0,2,2,2,4,1,0,2,3,0,2,2
1341a,1341c,0,2,1,0,2,2,0,2,2,2,1,1,2,2,2,1,4,2
1341b,1341c,2,4,1,0,2,3,0,2,2,2,1,1,2,2,2,1,4,2
1343a,1343b,2,0,1,0,2,1,0,0,2,2,1,1,0,2,3,1,4,2
1343a,1343c,2,0,1,0,2,1,0,0,2,0,0,1,1,2,1,0,1,1
1343b,1343c,2,1,1,0,2,3,1,4,2,0,0,1,1,2,1,0,1,1
1475a,1475b,1,1,0,0,2,2,1,2,2,3,1,0,3,2,2,0,3,2
1475a,1475c,1,1,0,0,2,2,1,2,2,3,1,1,3,0,1,3,4,2
1476a,1476c,1,1,1,0,2,1,0,1,1,1,2,1,3,0,2,1,1,1
0316b,0316a,2,1,1,3,2,2,2,4,2,2,1,2,3,2,3,1,2,2
1411a,1411b,2,0,1,1,2,2,1,1,2,3,1,1,3,2,3,1,1,2
1411a,1411c,2,0,1,1,2,2,1,1,2,0,1,1,3,2,3,0,2,2
1411b,1411c,3,1,1,3,2,3,1,1,2,0,1,1,3,2,3,0,2,2
1468b,1468c,3,1,1,2,2,2,1,3,2,1,2,1,3,2,2,0,4,2
0375a,0375c,3,0,1,3,2,2,0,4,2,2,4,1,4,2,2,2,1,1
0375a,0375b,3,0,1,3,2,2,0,4,2,1,3,0,1,0,2,0,2,1
1451c,1451b,0,0,1,0,2,2,0,0,2,3,1,1,3,2,3,3,3,2
0489c,0489b,1,1,1,1,2,2,1,2,1,1,0,1,0,2,3,3,4,2
0489c,0489a,1,1,1,1,2,2,1,2,1,1,4,2,0,2,3,1,2,2
1219b,1219c,2,0,1,0,2,1,0,3,2,2,4,0,1,2,3,0,1,2
1090c,1090a,0,0,1,3,2,2,0,1,2,2,0,1,1,2,1,0,1,1
1237a,1237b,2,1,0,1,2,2,0,1,2,3,0,1,1,2,2,0,0,2
1237a,1237c,2,1,0,1,2,2,0,1,2,2,1,0,2,2,2,0,1,2
1237b,1237c,3,0,1,1,2,2,0,0,2,2,1,0,2,2,2,0,1,2
1365c,1365a,2,2,1,1,2,2,1,2,2,3,4,1,3,2,1,0,3,2
1365c,1365b,2,2,1,1,2,2,1,2,2,0,4,1,3,2,2,1,0,2
0365a,0365b,0,2,1,0,2,2,0,1,2,2,1,1,3,0,2,0,2,1
0365a,0365c,0,2,1,0,2,2,0,1,2,0,4,0,3,0,1,1,2,1
1336a,1336b,0,1,1,2,2,2,0,0,2,3,1,1,3,2,3,0,4,2
1336a,1336c,0,1,1,2,2,2,0,0,2,0,1,1,0,2,3,0,0,2
1336b,1336c,3,1,1,3,2,3,0,4,2,0,1,1,0,2,3,0,0,2
0336a,0336c,1,2,1,3,2,2,1,3,2,3,2,1,2,2,2,0,1,1
0338a,0338c,2,4,1,0,2,3,0,1,2,0,1,1,3,2,2,1,2,1
0301a,0301b,1,0,1,0,2,2,1,4,2,1,1,1,2,2,3,0,0,2
0301a,0301c,1,0,1,0,2,2,1,4,2,3,1,1,4,0,2,0,1,2
1441a,1441b,1,1,1,1,2,2,2,1,2,2,0,1,0,0,2,0,2,2
1441a,1441c,1,1,1,1,2,2,2,1,2,1,1,1,1,2,2,1,1,1
1441b,1441c,2,0,1,0,0,2,0,2,2,1,1,1,1,2,2,1,1,1
1444a,1444b,0,1,1,0,2,3,0,3,2,1,0,1,1,2,2,0,0,1
1513b,1513a,2,0,1,3,2,3,0,2,2,2,0,1,3,2,3,0,3,2
1513b,1513c,2,0,1,3,2,3,0,2,2,1,1,1,0,1,2,1,1,2
0372a,0372b,1,1,1,3,2,1,0,1,1,1,1,1,3,1,2,1,2,2
1267c,1267a,1,0,1,0,2,2,0,1,1,2,1,1,0,2,2,2,2,1
1267c,1267b,1,0,1,0,2,2,0,1,1,2,2,1,2,2,2,0,1,2
1475b,1475c,3,1,0,3,2,2,0,3,2,3,1,1,3,0,1,3,4,2
1222c,1222a,0,1,1,0,2,2,1,2,1,2,1,0,2,2,1,0,3,2
1429b,1429c,2,1,1,0,0,2,0,1,1,0,0,1,3,2,2,0,0,2
1429b,1429a,2,1,1,0,0,2,0,1,1,1,2,1,2,2,2,1,0,1
1429c,1429a,0,0,1,3,2,2,0,0,2,1,2,1,2,2,2,1,0,1
1461b,1461c,2,2,1,0,2,1,0,0,2,2,4,1,3,2,1,0,3,2
1461b,1461a,2,2,1,0,2,1,0,0,2,1,0,1,1,2,0,0,1,2
1461c,1461a,2,4,1,3,2,1,0,3,2,1,0,1,1,2,0,0,1,2
0896a,0896c,3,1,1,1,2,3,0,3,2,1,1,1,0,2,3,1,4,2
0318c,0318b,3,2,1,3,2,2,0,4,2,1,2,1,0,0,2,0,0,2
0365b,0365c,2,1,1,3,0,2,0,2,1,0,4,0,3,0,1,1,2,1
0334a,0334b,2,0,1,0,2,3,0,0,2,2,0,1,0,2,2,3,1,2
0334a,0334c,2,0,1,0,2,3,0,0,2,1,4,1,3,0,2,0,0,2
1267a,1267b,2,1,1,0,2,2,2,2,1,2,2,1,2,2,2,0,1,2
0571a,0571c,2,4,1,3,2,3,0,1,2,1,0,1,1,0,1,0,1,1
1442b,1442c,2,2,1,3,2,2,1,4,2,1,1,1,0,0,2,0,2,1
0321a,0321b,2,1,1,3,2,1,1,2,1,3,2,1,3,2,2,1,4,2
1165b,1165c,0,1,1,2,2,2,1,2,2,3,0,2,4,0,2,3,2,2
0483a,0483b,2,2,1,3,2,2,0,1,1,1,1,1,0,0,3,1,2,1
1391b,1391a,3,4,1,0,2,2,1,4,2,3,4,1,3,2,3,0,3,2
0532b,0532c,2,1,1,3,0,2,0,1,1,2,2,1,3,2,3,0,2,2
1484b,1484c,1,1,1,0,2,1,1,2,1,1,1,1,0,0,1,2,2,1
0429b,0429a,1,1,1,3,2,3,1,4,2,2,0,1,3,2,3,0,4,2
0510c,0510b,3,1,1,1,2,1,1,0,2,0,1,1,3,0,3,3,3,1
1174a,1174b,1,1,1,1,2,3,0,4,2,2,0,1,3,3,2,1,4,2
1547a,1547b,2,4,1,1,2,1,0,2,2,2,0,1,1,2,1,0,2,2
1547a,1547c,2,4,1,1,2,1,0,2,2,2,0,1,3,2,3,0,0,2
1547b,1547c,2,0,1,1,2,1,0,2,2,2,0,1,3,2,3,0,0,2
0337a,0337b,2,1,1,3,2,2,3,2,1,3,4,1,3,2,2,3,4,2
0337a,0337c,2,1,1,3,2,2,3,2,1,3,4,1,1,2,1,1,3,2
0354b,0354a,3,1,1,0,2,3,1,4,2,2,1,1,4,2,1,0,4,2
0354b,0354c,3,1,1,0,2,3,1,4,2,1,0,0,1,0,1,3,2,2
1153b,1153c,0,4,1,3,2,2,1,2,2,2,1,1,0,1,2,0,1,2
1552a,1552b,3,0,1,1,2,2,1,1,2,2,1,1,3,2,1,1,1,1
1552a,1552c,3,0,1,1,2,2,1,1,2,3,1,1,1,2,1,1,3,2
1552b,1552c,2,1,1,3,2,1,1,1,1,3,1,1,1,2,1,1,3,2
1039c,1039a,2,4,1,0,2,2,3,1,2,3,1,0,0,0,3,1,0,2
0560a,0560b,2,4,1,0,0,2,0,3,2,0,1,1,0,2,2,1,0,1
0334b,0334c,2,0,1,0,2,2,3,1,2,1,4,1,3,0,2,0,0,2
0597b,0597a,2,4,1,3,2,3,0,3,2,3,4,2,0,2,3,3,1,1
1513a,1513c,2,0,1,3,2,3,0,3,2,1,1,1,0,1,2,1,1,2
1374b,1374c,1,1,1,0,2,2,2,2,1,3,0,1,0,2,1,0,3,2
1374b,1374a,1,1,1,0,2,2,2,2,1,3,2,0,2,2,3,0,4,2
1374c,1374a,3,0,1,0,2,1,0,3,2,3,2,0,2,2,3,0,4,2
0313c,0313b,0,1,1,3,2,2,1,1,1,2,1,0,2,2,2,0,0,2
0319a,0319c,2,4,1,0,2,3,1,2,2,2,0,0,0,2,2,0,2,2
0319a,0319b,2,4,1,0,2,3,1,2,2,1,1,1,1,2,3,0,2,1
0319c,0319b,2,0,0,0,2,2,0,2,2,1,1,1,1,2,3,0,2,1
0353a,0353b,2,1,1,3,1,2,0,2,2,2,1,1,1,2,1,1,2,1
0353a,0353c,2,1,1,3,1,2,0,2,2,1,2,1,1,2,3,0,1,2
1201a,1201b,0,1,1,0,2,2,2,3,2,2,0,1,0,2,3,0,4,2
1551a,1551b,0,1,1,0,2,2,3,3,2,1,1,1,0,2,1,1,1,1
1551a,1551c,0,1,1,0,2,2,3,3,2,2,4,1,3,2,2,3,2,2
1551b,1551c,1,1,1,0,2,1,1,1,1,2,4,1,3,2,2,3,2,2
0456b,0456c,0,1,1,1,2,2,0,1,1,2,2,1,0,2,3,0,3,2
0456b,0456a,0,1,1,1,2,2,0,1,1,2,1,0,2,2,2,0,3,2
0456c,0456a,2,2,1,0,2,3,0,3,2,2,1,0,2,2,2,0,3,2
1123c,1123b,3,4,1,3,2,2,1,4,2,0,2,1,0,2,2,1,1,2
1123c,1123a,3,4,1,3,2,2,1,4,2,2,1,2,1,0,1,1,2,1
1146a,1146b,0,4,1,0,2,2,1,0,2,2,0,1,3,2,1,1,1,2
1146a,1146c,0,4,1,0,2,2,1,0,2,3,0,1,3,2,2,1,4,2
1146b,1146c,2,0,1,3,2,1,1,1,2,3,0,1,3,2,2,1,4,2
1204a,1204b,0,0,1,0,2,2,1,0,2,2,1,1,3,1,3,0,4,2
0492a,0492b,3,4,1,1,2,2,0,4,2,2,0,1,0,2,1,1,3,2
0492a,0492c,3,4,1,1,2,2,0,4,2,2,0,1,1,2,1,0,1,2
0492b,0492c,2,0,1,0,2,1,1,3,2,2,0,1,1,2,1,0,1,2
0555b,0555c,1,1,1,0,1,2,0,2,2,3,0,1,1,2,2,0,4,2
0555b,0555a,1,1,1,0,1,2,0,2,2,1,4,0,2,0,2,3,4,1
0555c,0555a,3,0,1,1,2,2,0,4,2,1,4,0,2,0,2,3,4,1
1335b,1335c,2,2,1,0,2,2,3,2,2,2,1,1,3,2,2,2,1,1
0301b,0301c,1,1,1,2,2,3,0,0,2,3,1,1,4,0,2,0,1,2
0594a,0594b,3,2,1,0,2,2,1,4,2,0,0,0,3,2,0,0,3,2
0594a,0594c,3,2,1,0,2,2,1,4,2,0,4,2,4,2,2,0,3,2
1497a,1497b,0,4,1,0,2,2,1,3,2,2,1,1,0,0,2,1,2,1
1497a,1497c,0,4,1,0,2,2,1,3,2,2,0,1,3,2,2,3,4,2
1497b,1497c,2,1,1,0,0,2,1,2,1,2,0,1,3,2,2,3,4,2
0373a,0373b,3,0,1,0,0,2,0,2,2,2,1,1,1,2,1,0,0,1
0373a,0373c,3,0,1,0,0,2,0,2,2,3,0,1,3,2,3,1,4,2
1091b,1091c,1,1,1,0,2,2,2,1,1,2,4,0,2,2,2,0,2,2
1091b,1091a,1,1,1,0,2,2,2,1,1,3,1,2,4,2,2,3,4,2
1123b,1123a,0,2,1,0,2,2,1,1,2,2,1,2,1,0,1,1,2,1
1521c,1521b,0,1,1,2,2,2,1,0,2,3,1,1,3,0,2,3,3,2
0373b,0373c,2,1,1,1,2,1,0,0,1,3,0,1,3,2,3,1,4,2
1431c,1431a,3,1,1,3,2,3,1,4,2,3,1,1,3,2,1,3,0,2
1493a,1493b,2,1,1,0,1,2,0,3,2,2,4,1,0,2,2,3,3,2
1508b,1508a,1,1,1,0,2,1,1,0,1,2,4,1,0,2,2,3,4,2
1508b,1508c,1,1,1,0,2,1,1,0,1,1,4,1,1,0,2,0,0,2
0431c,0431b,2,0,1,0,2,2,2,3,2,3,0,2,1,2,3,0,2,2
0431c,0431a,2,0,1,0,2,2,2,3,2,3,2,1,3,1,2,3,2,2
1365a,1365b,3,4,1,3,2,1,0,3,2,0,4,1,3,2,2,1,0,2
0538a,0538b,2,1,0,3,2,2,1,4,2,1,1,1,3,2,1,2,1,2
0538a,0538c,2,1,0,3,2,2,1,4,2,2,2,1,0,2,2,2,1,2
0538b,0538c,1,1,1,3,2,1,2,1,2,2,2,1,0,2,2,2,1,2
0445a,0445b,2,2,1,0,0,2,0,3,2,1,1,1,3,2,1,1,1,1
0445a,0445c,2,2,1,0,0,2,0,3,2,2,4,1,3,0,2,0,4,2
0445b,0445c,1,1,1,3,2,1,1,1,1,2,4,1,3,0,2,0,4,2
1440c,1440b,2,4,1,1,2,3,0,2,2,0,4,0,2,0,2,0,4,1
1450b,1450a,2,2,1,3,2,3,0,3,2,3,1,1,3,2,2,2,1,1
1450b,1450c,2,2,1,3,2,3,0,3,2,3,0,1,1,2,1,1,3,2
0363b,0363a,1,1,1,1,2,1,0,1,1,0,0,1,1,2,2,1,1,2
1171b,1171a,2,4,1,3,2,1,1,3,2,1,2,1,3,2,3,0,0,2
1426c,1426a,1,0,1,0,2,3,1,2,2,2,0,1,1,2,2,1,2,1
1430a,1430b,2,1,1,0,2,3,3,3,2,1,1,1,1,1,2,0,3,2
1430a,1430c,2,1,1,0,2,3,3,3,2,0,0,1,3,2,3,0,3,2
1504c,1504b,0,1,1,0,2,1,0,2,1,3,1,1,3,1,2,0,4,2
1504c,1504a,0,1,1,0,2,1,0,2,1,1,0,1,1,2,1,3,0,2
1417b,1417a,3,4,1,0,2,3,0,3,2,1,1,0,0,2,3,1,3,2
0451b,0451c,2,1,1,3,0,2,1,2,1,1,0,1,1,2,2,0,2,1
1485a,1485b,3,4,1,0,2,2,2,2,2,0,1,1,3,2,1,1,2,1
1485a,1485c,3,4,1,0,2,2,2,2,2,3,4,1,3,2,3,1,3,2
1328a,1328b,3,1,1,2,2,3,0,0,2,1,2,1,0,2,2,3,2,2
1328a,1328c,3,1,1,2,2,3,0,0,2,1,1,1,3,2,2,2,1,1
1328b,1328c,1,2,1,0,2,2,3,2,2,1,1,1,3,2,2,2,1,1
1465a,1465b,3,4,1,0,2,2,3,2,2,0,1,1,1,2,1,1,2,2
1465a,1465c,3,4,1,0,2,2,3,2,2,1,2,0,2,2,2,0,2,2
1465b,1465c,0,1,1,1,2,1,1,2,2,1,2,0,2,2,2,0,2,2
1253a,1253b,3,0,1,0,2,2,3,2,2,0,1,1,1,2,1,1,1,1
1253a,1253c,3,0,1,0,2,2,3,2,2,2,0,0,2,2,2,0,0,2
1495a,1495b,2,1,0,3,2,1,0,3,2,1,1,1,2,2,1,1,0,2
1495a,1495c,2,1,0,3,2,1,0,3,2,1,1,1,0,0,2,1,2,1
1495b,1495c,1,1,1,2,2,1,1,0,2,1,1,1,0,0,2,1,2,1
0551c,0551a,3,2,1,0,0,2,0,2,2,2,1,1,1,2,0,1,3,2
1538a,1538c,1,1,1,3,2,3,1,2,1,0,2,1,0,2,1,1,0,2
1538a,1538b,1,1,1,3,2,3,1,2,1,2,2,1,3,0,2,0,1,1
0353b,0353c,2,1,1,1,2,1,1,2,1,1,2,1,1,2,3,0,1,2
0380a,0380b,1,4,1,3,2,2,3,1,2,1,3,2,3,3,2,0,2,2
1240a,1240b,1,0,1,3,2,2,3,1,2,1,1,1,1,0,1,0,3,2
1240a,1240c,1,0,1,3,2,2,3,1,2,2,1,0,0,2,3,1,1,2
1350a,1350c,3,1,1,0,2,3,1,2,1,1,4,1,3,0,1,2,1,1
1421a,1421b,1,0,1,0,2,2,3,3,2,3,1,1,3,2,2,2,2,1
1325a,1325b,3,1,1,0,1,2,0,1,2,0,1,1,1,2,2,1,2,1
1325a,1325c,3,1,1,0,1,2,0,1,2,1,4,1,3,2,3,1,2,2
1325b,1325c,0,1,1,1,2,2,1,2,1,1,4,1,3,2,3,1,2,2
0440c,0440b,3,4,1,0,2,1,0,4,2,2,1,1,2,0,2,1,0,1
0440c,0440a,3,4,1,0,2,1,0,4,2,2,0,0,2,2,2,0,4,2
0587a,0587b,1,1,1,2,2,2,2,0,2,0,1,1,0,2,1,1,0,1
0587a,0587c,1,1,1,2,2,2,2,0,2,1,4,0,3,2,3,1,3,2
1221a,1221c,3,4,1,0,2,2,2,1,2,2,1,1,0,2,0,0,3,2
0348a,0348b,3,0,1,0,2,1,0,4,2,1,1,1,1,0,1,0,2,1
0348a,0348c,3,0,1,0,2,1,0,4,2,3,1,0,2,2,2,3,3,2
0474b,0474c,2,1,1,3,2,3,3,3,2,3,4,1,0,2,2,3,1,2
1405b,1405c,1,1,1,0,0,2,1,1,1,2,3,1,0,2,2,0,1,2
0496a,0496e,3,4,1,0,2,3,1,2,2,2,1,0,1,2,3,0,2,2
1409b,1409a,1,1,1,3,2,3,3,1,2,3,4,1,3,0,2,0,4,2
1409b,1409c,1,1,1,3,2,3,3,1,2,0,2,1,0,0,2,1,2,1
1533b,1533c,1,0,1,0,2,3,0,4,2,1,2,1,3,2,1,0,1,1
1533b,1533a,1,0,1,0,2,3,0,4,2,3,3,0,3,2,2,0,3,2
0340a,0340b,3,0,1,0,2,3,1,2,2,1,4,1,1,2,1,0,3,2
0340a,0340c,3,0,1,0,2,3,1,2,2,1,0,1,1,2,1,0,3,2
0340b,0340c,1,4,1,1,2,1,0,3,2,1,0,1,1,2,1,0,3,2
0413a,0413b,1,1,1,1,2,3,0,1,1,1,1,1,3,0,1,2,2,1
1368b,1368c,3,1,1,1,2,2,3,4,2,2,1,1,3,0,1,2,0,1
0507a,0507b,1,1,1,3,0,2,1,2,1,0,1,1,3,2,1,1,4,2
0507a,0507c,1,1,1,3,0,2,1,2,1,3,4,1,1,2,1,0,1,2
0507b,0507c,0,1,1,3,2,1,1,4,2,3,4,1,1,2,1,0,1,2
1546b,1546c,3,1,1,0,0,3,0,3,2,3,0,1,0,2,1,1,3,2
1546b,1546a,3,1,1,0,0,3,0,3,2,1,1,0,3,2,1,1,2,1
1546c,1546a,3,0,1,0,2,1,1,3,2,1,1,0,3,2,1,1,2,1
0563a,0563c,1,1,1,1,0,2,0,2,1,1,4,1,1,0,3,0,2,2
1450a,1450c,3,1,1,3,2,2,2,1,1,3,0,1,1,2,1,1,3,2
1360a,1360c,3,1,0,2,2,2,0,2,2,0,1,1,2,1,2,1,1,1
0923a,0923c,2,1,1,1,1,2,0,2,2,1,1,1,2,2,3,0,4,2
0403c,0403a,1,0,0,0,2,2,0,3,2,2,0,2,1,0,1,0,1,1
0471a,0471b,1,4,1,1,2,3,0,1,2,0,0,1,0,1,2,0,2,2
0471a,0471c,1,4,1,1,2,3,0,1,2,0,0,1,3,2,1,1,2,1
1367a,1367b,2,0,1,1,2,2,3,2,2,1,1,0,1,2,1,0,3,2
1367a,1367c,2,0,1,1,2,2,3,2,2,1,1,1,3,2,0,0,3,2
1099a,1099c,2,1,1,3,0,2,2,3,2,2,4,0,2,2,2,0,3,2
1508a,1508c,2,4,1,0,2,2,3,4,2,1,4,1,1,0,2,0,0,2
1319a,1319b,2,0,1,0,2,2,3,4,2,2,4,2,3,2,2,2,1,2
1319a,1319c,2,0,1,0,2,2,3,4,2,1,0,1,0,2,0,1,4,2
0327c,0327b,1,1,1,1,2,1,1,2,1,0,1,1,1,1,2,0,3,2
0327c,0327a,1,1,1,1,2,1,1,2,1,3,1,1,1,2,0,0,4,2
1178a,1178b,3,4,1,3,0,2,0,3,2,3,0,1,3,2,2,3,1,2
1178a,1178c,3,4,1,3,0,2,0,3,2,2,4,1,3,0,2,1,0,2
1178b,1178c,3,0,1,3,2,2,3,1,2,2,4,1,3,0,2,1,0,2
0593b,0593c,3,4,1,0,2,2,3,3,2,1,1,1,1,2,3,0,0,1
0457a,0457c,2,3,1,3,2,2,0,1,2,0,2,1,0,0,2,0,3,2
0457a,0457b,2,3,1,3,2,2,0,1,2,1,4,0,1,0,2,0,1,1
0421b,0421c,2,0,1,1,0,2,0,0,2,1,0,1,1,2,2,1,1,1
0421b,0421a,2,0,1,1,0,2,0,0,2,3,2,1,3,2,3,3,3,2
0521a,0521b,2,1,1,1,2,1,3,0,2,1,1,1,0,1,1,0,0,2
0521a,0521c,2,1,1,1,2,1,3,0,2,3,1,2,1,0,2,1,3,2
1477a,1477b,3,0,1,3,2,1,1,0,2,1,1,1,1,0,2,0,1,1
1477a,1477c,3,0,1,3,2,1,1,0,2,3,1,1,2,2,2,1,0,1
1477b,1477c,1,1,1,1,0,2,0,1,1,3,1,1,2,2,2,1,0,1
0355a,0355b,3,2,1,3,2,3,0,3,2,1,4,1,0,0,2,1,1,1
1499b,1499c,2,1,1,2,2,2,3,4,2,2,0,1,3,0,2,1,3,2
1496a,1496c,2,4,1,1,2,1,0,4,2,2,1,1,1,0,2,2,2,1
1140c,1140a,2,4,1,2,2,1,0,1,2,3,4,0,2,2,1,1,3,2
1140c,1140b,2,4,1,2,2,1,0,1,2,0,0,1,3,0,1,1,2,1
1086b,1086c,0,1,1,1,2,2,1,0,1,2,1,1,1,0,1,1,2,1
1224c,1224b,1,0,1,1,2,1,1,2,2,2,4,2,4,3,3,3,4,2
1286a,1286b,1,2,1,3,2,1,1,3,2,3,4,1,0,2,3,0,4,2
1286a,1286c,1,2,1,3,2,1,1,3,2,2,1,1,1,2,1,3,3,2
1286b,1286c,3,4,1,0,2,3,0,4,2,2,1,1,1,2,1,3,3,2
1408c,1408a,0,1,1,0,0,2,0,2,1,3,1,0,3,2,1,0,3,2
1408c,1408b,0,1,1,0,0,2,0,2,1,1,1,0,1,0,3,0,2,1
0892a,0892c,1,0,1,1,2,3,0,0,2,3,2,0,2,2,2,1,0,2
1240b,1240c,1,1,1,1,0,1,0,3,2,2,1,0,0,2,3,1,1,2
0473a,0473b,1,2,1,0,0,2,1,1,2,1,4,1,1,0,3,0,3,2
0473a,0473c,1,2,1,0,0,2,1,1,2,1,1,1,3,2,3,2,4,1
1567c,1567b,2,4,1,4,2,2,0,2,2,3,1,0,2,2,2,0,0,2
1208a,1208b,0,4,1,0,0,2,0,2,2,1,0,1,0,2,1,0,1,1
1208a,1208c,0,4,1,0,0,2,0,2,2,0,1,1,0,2,1,3,2,2
1208b,1208c,1,0,1,0,2,1,0,1,1,0,1,1,0,2,1,3,2,2
1408a,1408b,3,1,0,3,2,1,0,3,2,1,1,0,1,0,3,0,2,1
0351a,0351b,1,2,0,0,2,2,0,3,2,1,1,1,1,3,2,1,3,2
0969a,0969c,2,2,1,1,2,2,1,2,1,3,4,1,3,2,2,2,3,2
0969a,0969b,2,2,1,1,2,2,1,2,1,2,0,1,1,2,1,1,2,1
0969c,0969b,3,4,1,3,2,2,2,3,2,2,0,1,1,2,1,1,2,1
0405c,0405a,1,0,1,1,2,2,1,2,1,3,0,1,0,2,3,1,2,1
0405c,0405b,1,0,1,1,2,2,1,2,1,1,0,1,4,0,2,0,1,2
0368b,0368c,3,0,1,3,0,2,1,2,2,3,1,0,2,2,3,2,2,2
0522b,0522c,2,1,0,2,2,2,0,4,2,3,1,2,4,0,2,0,3,2
1194a,1194b,3,1,1,1,2,1,1,2,1,2,4,0,1,2,2,0,1,2
1194a,1194c,3,1,1,1,2,1,1,2,1,2,1,2,1,2,2,0,3,2
1194b,1194c,2,4,0,1,2,2,0,1,2,2,1,2,1,2,2,0,3,2
1197a,1197c,1,4,1,3,0,2,1,0,2,1,2,1,0,0,2,0,4,2
1197a,1197b,1,4,1,3,0,2,1,0,2,0,0,1,4,2,3,0,4,2
1197c,1197b,1,2,1,0,0,2,0,4,2,0,0,1,4,2,3,0,4,2
1303a,1303b,3,4,1,0,0,2,0,4,2,3,1,0,2,2,2,0,3,2
1273a,1273c,1,2,1,0,0,2,1,0,2,1,1,1,3,1,1,3,1,2
1294a,1294b,1,0,1,0,2,1,0,0,1,1,1,1,0,2,0,0,3,2
1294a,1294c,1,0,1,0,2,1,0,0,1,3,0,1,3,2,3,1,0,2
1294b,1294c,1,1,1,0,2,0,0,3,2,3,0,1,3,2,3,1,0,2
1254a,1254b,1,1,1,1,2,1,3,3,2,2,1,0,2,2,2,1,3,2
0421c,0421a,1,0,1,1,2,2,1,1,1,3,2,1,3,2,3,3,3,2
1485b,1485c,0,1,1,3,2,1,1,2,1,3,4,1,3,2,3,1,3,2
1409a,1409c,3,4,1,3,0,2,0,4,2,0,2,1,0,0,2,1,2,1
0556a,0556b,2,1,1,1,0,2,0,4,1,0,2,0,1,0,2,1,1,1
0556a,0556c,2,1,1,1,0,2,0,4,1,0,1,0,1,0,3,1,0,1
0314c,0314a,1,1,1,3,2,0,0,0,2,1,1,1,0,2,1,2,1,1
0587b,0587c,0,1,1,0,2,1,1,0,1,1,4,0,3,2,3,1,3,2
0547a,0547c,2,2,0,1,2,2,0,1,2,1,2,1,3,2,1,2,1,1
0927a,0927b,1,0,1,0,0,2,0,2,1,1,4,1,1,2,3,1,1,2
0927a,0927c,1,0,1,0,0,2,0,2,1,2,1,0,2,2,1,0,1,2
0927b,0927c,1,4,1,1,2,3,1,1,2,2,1,0,2,2,1,0,1,2
1367b,1367c,1,1,0,1,2,1,0,3,2,1,1,1,3,2,0,0,3,2
1430b,1430c,1,1,1,1,1,2,0,3,2,0,0,1,3,2,3,0,3,2
0564a,0564b,2,1,1,0,2,3,3,2,1,2,2,1,2,0,2,1,1,1
0564a,0564c,2,1,1,0,2,3,3,2,1,0,1,1,1,1,1,0,3,2
1533c,1533a,1,2,1,3,2,1,0,1,1,3,3,0,3,2,2,0,3,2
1196a,1196b,0,1,1,3,2,2,2,1,1,0,2,1,0,2,2,1,2,1
1196a,1196c,0,1,1,3,2,2,2,1,1,1,1,1,1,2,3,3,3,2
1196b,1196c,0,2,1,0,2,2,1,2,1,1,1,1,1,2,3,3,3,2
1511b,1511c,0,1,0,2,2,2,0,2,2,1,1,0,1,0,3,1,0,1
1501c,1501b,0,1,1,0,0,2,1,2,1,3,1,1,2,2,1,1,0,1
1501c,1501a,0,1,1,0,0,2,1,2,1,1,3,1,0,2,3,1,3,2
1504b,1504a,3,1,1,3,1,2,0,4,2,1,0,1,1,2,1,3,0,2
0337b,0337c,3,4,1,3,2,2,3,4,2,3,4,1,1,2,1,1,3,2
0546c,0546b,2,0,1,3,2,1,3,1,2,3,1,1,3,1,3,0,1,2
0333c,0333a,3,2,1,1,2,1,1,1,2,2,1,1,3,2,1,2,0,1
1212a,1212c,2,1,1,0,0,2,2,2,1,2,0,1,0,0,2,2,2,1
1358a,1358b,2,1,1,1,1,2,0,4,2,3,4,0,1,2,2,0,1,2
1358a,1358c,2,1,1,1,1,2,0,4,2,3,4,1,1,2,3,1,1,2
1358b,1358c,3,4,0,1,2,2,0,1,2,3,4,1,1,2,3,1,1,2
0457c,0457b,0,2,1,0,0,2,0,3,2,1,4,0,1,0,2,0,1,1
0354a,0354c,2,1,1,4,2,1,0,4,2,1,0,0,1,0,1,3,2,2
0516a,0516b,2,0,1,0,0,3,0,3,2,0,1,0,2,2,2,0,1,2
1538c,1538b,0,2,1,0,2,1,1,0,2,2,2,1,3,0,2,0,1,1
1091c,1091a,2,4,0,2,2,2,0,2,2,3,1,2,4,2,2,3,4,2
0488b,0488c,2,0,0,0,2,1,0,0,2,1,4,0,1,2,2,0,4,2
1447b,1447c,1,4,1,0,2,2,2,1,1,1,1,0,1,2,2,2,2,2
1377a,1377b,2,2,1,3,0,3,0,2,2,0,1,1,0,1,2,1,0,2
1377a,1377c,2,2,1,3,0,3,0,2,2,2,1,0,2,2,3,0,3,2
0518a,0518b,2,1,1,0,0,2,2,1,1,1,1,1,0,0,1,1,2,1
0518a,0518c,2,1,1,0,0,2,2,1,1,3,4,1,1,2,3,0,4,2
0518b,0518c,1,1,1,0,0,1,1,2,1,3,4,1,1,2,3,0,4,2
0521b,0521c,1,1,1,0,1,1,0,0,2,3,1,2,1,0,2,1,3,2
1363b,1363a,0,1,1,1,0,2,0,2,1,0,0,1,1,2,3,2,3,2
1363b,1363c,0,1,1,1,0,2,0,2,1,0,1,0,1,0,2,0,1,1
1234b,1234c,3,0,1,1,2,3,0,4,2,2,1,0,2,2,3,0,2,2
0950a,0950b,2,1,1,3,0,2,2,2,1,1,0,1,3,0,1,0,3,2
1443c,1443b,0,1,1,1,2,1,1,2,1,2,1,1,2,0,2,2,0,1
0324b,0324c,0,1,1,3,0,2,1,1,1,1,1,0,4,2,2,0,3,2
0324b,0324a,0,1,1,3,0,2,1,1,1,0,2,1,0,1,2,1,3,2
1155b,1155a,1,1,1,3,0,1,1,2,1,1,1,0,2,2,1,1,0,2
1155b,1155c,1,1,1,3,0,1,1,2,1,1,0,1,0,2,0,0,3,2
0348b,0348c,1,1,1,1,0,1,0,2,1,3,1,0,2,2,2,3,3,2
1253b,1253c,0,1,1,1,2,1,1,1,1,2,0,0,2,2,2,0,0,2
0405a,0405b,3,0,1,0,2,3,1,2,1,1,0,1,4,0,2,0,1,2
0525a,0525b,1,2,1,3,2,1,1,1,1,2,3,0,0,2,2,0,3,2
0525a,0525c,1,2,1,3,2,1,1,1,1,1,1,1,2,2,1,2,1,1
0517b,0517c,3,0,1,3,0,1,0,3,2,1,1,1,3,0,2,3,2,1
0517b,0517a,3,0,1,3,0,1,0,3,2,3,0,1,0,2,0,1,1,2
0517c,0517a,1,1,1,3,0,2,3,2,1,3,0,1,0,2,0,1,1,2
0537b,0537c,2,1,0,3,0,2,1,4,2,2,2,1,3,2,2,2,0,1
0440b,0440a,2,1,1,2,0,2,1,0,1,2,0,0,2,2,2,0,4,2
1394c,1394b,3,2,1,0,2,2,3,2,1,3,1,0,1,2,1,1,3,2
1501b,1501a,3,1,1,2,2,1,1,0,1,1,3,1,0,2,3,1,3,2
1377b,1377c,0,1,1,0,1,2,1,0,2,2,1,0,2,2,3,0,3,2
1164a,1164b,2,1,0,2,2,1,1,1,2,2,1,1,2,1,2,1,1,2
1036b,1036c,2,2,0,2,2,2,0,0,2,1,4,1,0,0,2,2,0,2
0328b,0328a,0,2,1,1,2,3,0,3,2,3,1,0,2,2,3,0,2,2
0535a,0535b,2,4,1,1,2,2,2,1,1,0,0,1,2,2,2,1,4,2
0535a,0535c,2,4,1,1,2,2,2,1,1,1,2,1,3,2,1,3,3,2
0535b,0535c,0,0,1,2,2,2,1,4,2,1,2,1,3,2,1,3,3,2
0324c,0324a,1,1,0,4,2,2,0,3,2,0,2,1,0,1,2,1,3,2
0390c,0390a,2,0,1,0,1,2,1,3,2,0,0,1,0,1,2,1,2,2
1181b,1181c,2,1,0,2,2,1,1,0,2,2,2,1,0,0,3,0,4,2
0327b,0327a,0,1,1,1,1,2,0,3,2,3,1,1,1,2,0,0,4,2
0569a,0569b,1,1,0,2,2,3,0,3,2,0,0,1,2,2,1,1,1,2
0315b,0315a,2,1,0,2,2,1,1,3,2,2,4,0,2,2,3,0,3,2
0924a,0924b,2,2,1,3,1,2,1,2,2,1,0,1,3,0,2,1,0,1
0924a,0924c,2,2,1,3,1,2,1,2,2,0,1,1,0,2,1,2,1,1
0924b,0924c,1,0,1,3,0,2,1,0,1,0,1,1,0,2,1,2,1,1
0350c,0350a,2,0,1,0,1,1,0,2,2,3,2,1,0,1,2,1,3,2
0489b,0489a,1,0,1,0,2,3,3,4,2,1,4,2,0,2,3,1,2,2
1155a,1155c,1,1,0,2,2,1,1,0,2,1,0,1,0,2,0,0,3,2
0302a,0302c,2,0,1,1,0,2,1,1,1,3,1,0,2,2,3,0,3,2
0302a,0302b,2,0,1,1,0,2,1,1,1,2,2,2,4,3,3,3,4,2
0302c,0302b,3,1,0,2,2,3,0,3,2,2,2,2,4,3,3,3,4,2
0471b,0471c,0,0,1,0,1,2,0,2,2,0,0,1,3,2,1,1,2,1
1383b,1383c,3,2,1,3,0,2,1,2,1,1,1,1,1,0,2,2,2,1
1323a,1323b,2,0,1,1,2,3,2,3,2,1,1,0,2,2,1,1,3,2
1323a,1323c,2,0,1,1,2,3,2,3,2,1,0,1,1,2,2,3,0,1
1323b,1323c,1,1,0,2,2,1,1,3,2,1,0,1,1,2,2,3,0,1
0473b,0473c,1,4,1,1,0,3,0,3,2,1,1,1,3,2,3,2,4,1
0357b,0357a,2,1,0,0,0,2,2,3,2,3,4,1,1,2,3,2,3,2
0357b,0357c,2,1,0,0,0,2,2,3,2,0,2,1,1,0,2,0,1,1
0311a,0311c,1,2,1,1,2,1,3,3,2,0,0,1,0,0,2,2,1,1
0463a,0463b,1,1,1,0,0,3,3,4,2,0,0,0,3,2,3,0,3,2
1259a,1259b,1,4,0,0,2,3,1,3,2,1,0,1,3,2,1,2,2,1
1259a,1259c,1,4,0,0,2,3,1,3,2,0,1,1,0,0,2,2,1,1
1259b,1259c,1,0,1,3,2,1,2,2,1,0,1,1,0,0,2,2,1,1
0525b,0525c,2,3,0,0,2,2,0,3,2,1,1,1,2,2,1,2,1,1
1191b,1191c,3,4,0,1,2,1,0,3,2,3,4,1,3,2,3,3,4,2
0357a,0357c,3,4,1,1,2,3,2,3,2,0,2,1,1,0,2,0,1,1
0434c,0434a,0,1,0,2,2,3,0,3,2,3,0,0,2,0,3,3,0,2
0450c,0450b,1,1,0,0,0,1,0,1,1,1,2,0,1,0,2,0,2,1
1152a,1152c,3,4,0,2,2,1,0,2,2,0,0,1,1,2,1,1,1,1
0564b,0564c,2,2,1,2,0,2,1,1,1,0,1,1,1,1,1,0,3,2
0585b,0585c,3,1,2,3,2,3,1,4,2,0,1,0,2,2,1,1,0,2
1319b,1319c,2,4,2,3,2,2,2,1,2,1,0,1,0,2,0,1,4,2
0323c,0323a,1,0,1,1,0,1,0,0,1,3,4,2,4,2,2,3,2,2
0323c,0323b,1,0,1,1,0,1,0,0,1,3,0,0,1,0,3,1,1,1
0385c,0385a,2,2,1,0,1,2,2,1,2,0,0,1,2,2,3,3,0,2
0540a,0540c,3,3,1,1,2,3,0,3,2,2,1,0,4,0,2,0,3,2
1363a,1363c,0,0,1,1,2,3,2,3,2,0,1,0,1,0,2,0,1,1
1500a,1500b,3,4,1,4,2,3,1,3,2,0,2,1,0,0,2,2,2,1
1271a,1271b,1,1,1,2,0,1,1,4,1,3,4,2,2,0,2,1,3,2
1271a,1271c,1,1,1,2,0,1,1,4,1,0,1,2,4,2,2,2,2,2
0469a,0469b,2,3,1,1,2,2,3,4,2,3,2,1,2,0,2,1,1,1
0469a,0469c,2,3,1,1,2,2,3,4,2,2,0,1,1,0,2,3,0,1
0469b,0469c,3,2,1,2,0,2,1,1,1,2,0,1,1,0,2,3,0,1
0873a,0873b,2,2,0,2,2,2,3,0,2,3,0,2,3,0,2,0,3,2
0431b,0431a,3,0,2,1,2,3,0,2,2,3,2,1,3,1,2,3,2,2
0460b,0460c,1,4,0,0,2,3,3,3,2,2,4,2,1,2,2,2,1,2
0347a,0347b,2,4,1,3,0,3,1,4,1,1,1,0,0,0,2,2,0,1
1140a,1140b,3,4,0,2,2,1,1,3,2,0,0,1,3,0,1,1,2,1
0375c,0375b,2,4,1,4,2,2,2,1,1,1,3,0,1,0,2,0,2,1
1406a,1406b,1,2,2,4,2,2,0,2,2,1,0,0,1,0,2,2,2,2
1406a,1406c,1,2,2,4,2,2,0,2,2,1,0,1,4,0,2,3,2,2
1406b,1406c,1,0,0,1,0,2,2,2,2,1,0,1,4,0,2,3,2,2
0911b,0911c,1,3,1,1,2,2,2,1,1,2,4,2,3,2,3,3,2,2
0401b,0401c,2,0,2,3,2,3,3,2,2,1,3,1,3,0,3,0,4,2
0376c,0376b,2,1,0,0,3,2,2,3,2,1,2,0,2,0,1,1,1,1
0317a,0317b,1,1,0,2,0,1,1,2,1,0,4,0,0,0,2,2,3,2
0317a,0317c,1,1,0,2,0,1,1,2,1,0,0,0,2,2,3,1,3,2
0317b,0317c,0,4,0,0,0,2,2,3,2,0,0,0,2,2,3,1,3,2
0387b,0387a,2,2,0,1,0,1,0,2,1,0,1,0,2,0,1,2,2,2
1198a,1198b,3,0,2,4,2,2,0,4,2,1,0,1,3,2,0,2,2,1
0549b,0549c,0,1,0,2,2,3,3,4,2,3,1,1,3,3,3,3,4,2
0594b,0594c,0,0,0,3,2,0,0,3,2,0,4,2,4,2,2,0,3,2
1271b,1271c,3,4,2,2,0,2,1,3,2,0,1,2,4,2,2,2,2,2
0556b,0556c,0,2,0,1,0,2,1,1,1,0,1,0,1,0,3,1,0,1
1414b,1414c,0,4,0,0,0,1,1,1,1,1,0,1,1,3,1,1,2,1
0323a,0323b,3,4,2,4,2,2,3,2,2,3,0,0,1,0,3,1,1,1
